ID,Recidivism_Arrest_Year1
6,0.213
8,0.324
12,0.25
15,0.295
16,0.206
23,0.219
27,0.293
28,0.325
31,0.48
35,0.275
43,0.295
44,0.418
45,0.383
46,0.184
49,0.268
58,0.319
60,0.284
63,0.346
67,0.305
72,0.388
81,0.398
83,0.404
87,0.325
89,0.388
98,0.269
102,0.264
103,0.299
105,0.321
106,0.412
107,0.304
118,0.266
120,0.245
123,0.502
132,0.432
136,0.269
138,0.362
140,0.407
147,0.18
150,0.342
154,0.379
157,0.322
159,0.332
160,0.404
165,0.472
167,0.397
169,0.403
171,0.339
175,0.308
178,0.348
179,0.368
182,0.398
193,0.269
198,0.29
206,0.425
208,0.475
209,0.37
211,0.27
214,0.296
216,0.332
217,0.381
222,0.336
232,0.278
233,0.29
235,0.621
242,0.3
244,0.304
248,0.241
256,0.242
258,0.365
263,0.526
270,0.329
272,0.358
275,0.154
278,0.463
279,0.456
282,0.296
286,0.405
288,0.377
291,0.255
295,0.294
300,0.401
301,0.538
307,0.262
308,0.458
309,0.261
312,0.255
313,0.471
315,0.246
318,0.297
321,0.249
330,0.521
332,0.331
341,0.218
348,0.377
350,0.391
353,0.378
356,0.249
357,0.243
362,0.371
363,0.338
364,0.375
365,0.426
371,0.194
372,0.371
374,0.277
380,0.127
386,0.288
387,0.176
390,0.377
400,0.405
402,0.164
406,0.189
410,0.395
411,0.207
415,0.456
420,0.286
427,0.153
438,0.65
440,0.33
445,0.39
449,0.227
451,0.385
452,0.325
453,0.361
457,0.29
463,0.346
473,0.394
475,0.425
482,0.289
484,0.436
486,0.225
489,0.279
492,0.42
494,0.196
496,0.218
497,0.415
498,0.334
499,0.435
503,0.253
506,0.45
509,0.323
512,0.175
514,0.369
516,0.482
521,0.49
529,0.215
535,0.289
537,0.39
543,0.351
551,0.363
552,0.274
553,0.344
557,0.274
558,0.236
569,0.221
571,0.292
577,0.378
578,0.365
579,0.222
581,0.483
584,0.402
588,0.394
589,0.34
592,0.23
596,0.191
597,0.451
599,0.273
601,0.285
604,0.475
606,0.418
608,0.423
610,0.209
613,0.556
617,0.299
618,0.145
625,0.392
626,0.298
628,0.422
632,0.195
634,0.321
637,0.299
640,0.299
645,0.348
646,0.265
647,0.362
648,0.359
653,0.416
655,0.392
656,0.344
659,0.351
661,0.314
662,0.441
665,0.279
671,0.262
676,0.306
678,0.224
679,0.491
683,0.138
684,0.302
686,0.255
687,0.515
692,0.324
694,0.4
695,0.237
698,0.337
699,0.212
708,0.237
709,0.341
711,0.254
714,0.188
716,0.236
720,0.321
721,0.221
726,0.365
729,0.363
731,0.26
737,0.328
738,0.381
739,0.486
741,0.314
742,0.23
750,0.344
753,0.329
760,0.309
761,0.373
764,0.366
773,0.423
774,0.39
781,0.22
786,0.395
789,0.33
793,0.389
794,0.436
796,0.194
797,0.321
798,0.286
803,0.154
805,0.444
809,0.435
813,0.355
815,0.281
816,0.304
821,0.218
822,0.311
824,0.445
825,0.452
826,0.444
827,0.391
835,0.144
837,0.327
838,0.29
840,0.222
846,0.325
847,0.391
849,0.339
854,0.366
860,0.151
869,0.433
872,0.356
874,0.468
875,0.261
879,0.347
880,0.26
888,0.107
889,0.356
891,0.274
892,0.23
898,0.225
900,0.454
901,0.319
902,0.14
907,0.313
910,0.456
912,0.389
917,0.197
920,0.315
925,0.457
927,0.241
928,0.269
933,0.25
934,0.347
939,0.328
944,0.257
958,0.248
960,0.329
962,0.267
966,0.225
970,0.391
972,0.392
977,0.336
987,0.241
989,0.4
990,0.426
992,0.29
993,0.444
994,0.357
996,0.25
999,0.422
1004,0.23
1005,0.198
1010,0.338
1011,0.243
1014,0.283
1016,0.215
1017,0.567
1018,0.29
1021,0.306
1024,0.26
1028,0.154
1030,0.409
1031,0.266
1033,0.351
1038,0.159
1043,0.346
1045,0.378
1047,0.473
1048,0.295
1049,0.296
1051,0.254
1053,0.309
1057,0.36
1060,0.344
1066,0.327
1070,0.246
1075,0.244
1077,0.339
1078,0.426
1080,0.558
1082,0.268
1088,0.26
1090,0.297
1095,0.437
1102,0.245
1104,0.263
1105,0.172
1112,0.295
1113,0.321
1114,0.427
1118,0.497
1120,0.262
1123,0.35
1124,0.297
1126,0.356
1131,0.369
1132,0.285
1134,0.212
1137,0.383
1139,0.227
1140,0.307
1143,0.34
1144,0.176
1149,0.46
1152,0.251
1162,0.412
1168,0.18
1172,0.418
1176,0.37
1182,0.281
1186,0.38
1187,0.199
1189,0.445
1190,0.362
1195,0.174
1196,0.402
1197,0.5
1208,0.379
1211,0.442
1218,0.38
1221,0.259
1223,0.308
1227,0.329
1230,0.324
1231,0.321
1232,0.185
1233,0.491
1238,0.33
1240,0.38
1242,0.401
1243,0.368
1244,0.215
1245,0.298
1249,0.411
1255,0.33
1257,0.451
1259,0.316
1265,0.512
1267,0.208
1268,0.34
1272,0.297
1275,0.258
1277,0.443
1278,0.184
1282,0.389
1287,0.327
1289,0.294
1291,0.348
1299,0.336
1300,0.403
1302,0.334
1303,0.375
1305,0.332
1307,0.332
1310,0.365
1316,0.231
1319,0.282
1323,0.195
1326,0.337
1327,0.254
1328,0.446
1329,0.42
1335,0.376
1337,0.107
1338,0.333
1341,0.134
1348,0.27
1352,0.289
1353,0.347
1368,0.48
1371,0.413
1372,0.351
1377,0.254
1378,0.381
1381,0.399
1382,0.321
1386,0.207
1392,0.364
1395,0.223
1402,0.289
1405,0.345
1406,0.174
1414,0.25
1417,0.37
1419,0.403
1422,0.173
1424,0.332
1426,0.249
1428,0.347
1431,0.338
1433,0.406
1434,0.184
1435,0.191
1436,0.312
1437,0.336
1438,0.238
1448,0.307
1449,0.336
1451,0.394
1452,0.314
1453,0.287
1454,0.37
1458,0.382
1465,0.127
1466,0.346
1470,0.291
1471,0.274
1474,0.334
1476,0.304
1477,0.336
1478,0.112
1479,0.443
1481,0.238
1482,0.374
1490,0.383
1491,0.301
1493,0.251
1498,0.243
1505,0.181
1508,0.4
1509,0.184
1513,0.337
1514,0.329
1518,0.273
1521,0.405
1525,0.234
1527,0.257
1528,0.283
1533,0.471
1536,0.452
1538,0.216
1539,0.356
1549,0.351
1552,0.387
1559,0.201
1560,0.272
1561,0.442
1565,0.472
1572,0.269
1574,0.38
1578,0.402
1580,0.217
1586,0.346
1598,0.226
1603,0.344
1604,0.466
1608,0.418
1612,0.44
1613,0.308
1614,0.381
1616,0.282
1621,0.27
1623,0.133
1628,0.31
1629,0.345
1632,0.328
1635,0.156
1644,0.362
1649,0.305
1650,0.244
1659,0.399
1663,0.261
1664,0.23
1666,0.429
1670,0.12
1681,0.448
1688,0.552
1692,0.178
1698,0.484
1708,0.422
1710,0.285
1714,0.328
1715,0.296
1716,0.285
1719,0.329
1720,0.299
1721,0.554
1722,0.321
1723,0.423
1726,0.392
1729,0.471
1730,0.307
1735,0.23
1740,0.237
1744,0.346
1746,0.215
1747,0.29
1749,0.259
1753,0.306
1755,0.283
1758,0.193
1760,0.225
1762,0.27
1765,0.465
1766,0.355
1767,0.377
1769,0.276
1773,0.557
1778,0.355
1779,0.245
1780,0.256
1781,0.399
1787,0.288
1790,0.241
1792,0.219
1793,0.312
1794,0.299
1799,0.474
1806,0.443
1808,0.398
1811,0.374
1813,0.291
1816,0.491
1817,0.441
1819,0.312
1820,0.483
1822,0.247
1828,0.397
1829,0.311
1831,0.309
1837,0.342
1841,0.303
1842,0.212
1845,0.498
1852,0.327
1854,0.239
1855,0.317
1862,0.308
1870,0.311
1872,0.345
1873,0.158
1874,0.326
1877,0.216
1880,0.396
1883,0.434
1884,0.28
1889,0.255
1892,0.16
1893,0.426
1904,0.252
1910,0.536
1913,0.392
1919,0.296
1921,0.277
1925,0.297
1927,0.317
1929,0.339
1936,0.096
1937,0.128
1939,0.127
1940,0.058
1941,0.028
1943,0.344
1946,0.191
1947,0.091
1949,0.305
1951,0.071
1965,0.275
1969,0.199
1970,0.155
1974,0.418
1975,0.299
1977,0.342
1981,0.37
1988,0.463
1993,0.386
1994,0.331
1998,0.305
1999,0.438
2003,0.21
2004,0.397
2008,0.172
2012,0.293
2019,0.235
2023,0.143
2025,0.278
2028,0.373
2029,0.356
2030,0.252
2033,0.299
2034,0.273
2035,0.246
2036,0.244
2037,0.075
2045,0.093
2046,0.231
2051,0.216
2055,0.258
2056,0.351
2058,0.454
2061,0.451
2069,0.345
2070,0.298
2071,0.357
2079,0.365
2081,0.274
2082,0.362
2084,0.321
2087,0.301
2091,0.245
2092,0.304
2099,0.146
2100,0.291
2101,0.363
2106,0.272
2111,0.103
2116,0.215
2124,0.343
2125,0.225
2126,0.345
2128,0.471
2129,0.323
2131,0.451
2133,0.268
2135,0.356
2137,0.198
2140,0.37
2141,0.093
2142,0.091
2145,0.117
2151,0.416
2152,0.209
2155,0.091
2160,0.332
2162,0.425
2164,0.3
2168,0.25
2175,0.356
2185,0.056
2187,0.527
2188,0.447
2194,0.201
2203,0.233
2206,0.322
2207,0.271
2211,0.269
2212,0.39
2213,0.377
2216,0.347
2217,0.434
2220,0.296
2221,0.231
2223,0.282
2225,0.198
2227,0.327
2235,0.37
2237,0.363
2239,0.273
2242,0.31
2250,0.246
2253,0.289
2258,0.248
2259,0.354
2261,0.32
2264,0.34
2274,0.32
2282,0.226
2285,0.38
2287,0.35
2293,0.285
2301,0.447
2302,0.391
2303,0.459
2307,0.365
2308,0.393
2309,0.133
2312,0.316
2314,0.292
2319,0.23
2320,0.278
2322,0.295
2329,0.389
2331,0.359
2332,0.369
2333,0.479
2336,0.298
2354,0.286
2355,0.206
2356,0.352
2359,0.352
2360,0.32
2363,0.082
2365,0.3
2368,0.095
2372,0.332
2375,0.479
2378,0.086
2379,0.154
2381,0.269
2384,0.385
2385,0.276
2387,0.189
2391,0.405
2398,0.333
2404,0.437
2405,0.368
2409,0.294
2417,0.313
2418,0.334
2420,0.242
2425,0.417
2426,0.43
2428,0.497
2430,0.352
2434,0.214
2441,0.349
2443,0.485
2445,0.349
2446,0.281
2447,0.239
2449,0.308
2453,0.343
2455,0.328
2456,0.252
2457,0.306
2459,0.332
2465,0.364
2467,0.148
2471,0.327
2475,0.088
2480,0.425
2481,0.075
2487,0.484
2489,0.267
2490,0.447
2492,0.345
2493,0.421
2497,0.244
2499,0.364
2503,0.283
2504,0.39
2505,0.422
2514,0.306
2515,0.111
2518,0.427
2523,0.312
2525,0.054
2528,0.293
2529,0.226
2530,0.336
2531,0.41
2533,0.298
2534,0.246
2535,0.353
2536,0.485
2539,0.257
2540,0.24
2543,0.262
2545,0.453
2554,0.213
2559,0.464
2565,0.461
2569,0.387
2570,0.363
2572,0.266
2573,0.392
2575,0.384
2576,0.314
2579,0.492
2580,0.52
2587,0.391
2591,0.267
2593,0.475
2600,0.038
2601,0.347
2604,0.375
2606,0.4
2607,0.399
2611,0.313
2614,0.553
2616,0.344
2618,0.041
2619,0.338
2621,0.255
2625,0.126
2630,0.333
2637,0.223
2642,0.398
2645,0.526
2646,0.167
2653,0.357
2654,0.399
2665,0.358
2671,0.243
2672,0.133
2674,0.324
2675,0.4
2676,0.165
2679,0.301
2683,0.426
2684,0.3
2698,0.443
2708,0.315
2712,0.13
2716,0.076
2719,0.328
2720,0.339
2723,0.141
2724,0.359
2726,0.364
2728,0.325
2729,0.24
2741,0.092
2744,0.26
2748,0.397
2749,0.312
2751,0.313
2765,0.31
2778,0.096
2785,0.24
2787,0.242
2790,0.044
2791,0.413
2794,0.204
2796,0.302
2801,0.043
2804,0.317
2805,0.046
2807,0.153
2810,0.154
2812,0.269
2814,0.514
2817,0.407
2818,0.351
2837,0.311
2839,0.158
2840,0.432
2843,0.286
2851,0.342
2852,0.366
2856,0.111
2858,0.35
2859,0.041
2860,0.39
2862,0.347
2868,0.302
2880,0.386
2881,0.117
2882,0.332
2884,0.36
2888,0.246
2889,0.156
2890,0.31
2892,0.144
2901,0.217
2904,0.156
2905,0.097
2907,0.244
2911,0.325
2912,0.359
2913,0.304
2918,0.295
2919,0.266
2923,0.282
2926,0.284
2927,0.3
2932,0.281
2935,0.352
2938,0.34
2943,0.282
2951,0.249
2952,0.145
2953,0.201
2957,0.098
2963,0.105
2967,0.432
2968,0.102
2977,0.266
2978,0.091
2980,0.116
2990,0.232
2991,0.29
2992,0.256
2994,0.142
2997,0.217
2999,0.348
3001,0.073
3005,0.458
3007,0.344
3009,0.067
3020,0.044
3021,0.068
3025,0.294
3027,0.197
3035,0.294
3036,0.252
3037,0.286
3039,0.473
3042,0.356
3049,0.244
3051,0.473
3054,0.25
3057,0.208
3066,0.436
3072,0.261
3073,0.135
3078,0.297
3080,0.33
3089,0.337
3092,0.312
3100,0.119
3106,0.315
3108,0.194
3110,0.08
3111,0.361
3114,0.4
3120,0.212
3121,0.442
3128,0.283
3138,0.426
3145,0.287
3155,0.328
3160,0.434
3167,0.22
3168,0.311
3171,0.423
3172,0.057
3178,0.088
3180,0.154
3183,0.513
3188,0.076
3193,0.23
3198,0.334
3211,0.096
3221,0.126
3225,0.243
3227,0.171
3229,0.192
3232,0.107
3234,0.298
3238,0.105
3239,0.081
3243,0.327
3244,0.278
3246,0.124
3253,0.308
3261,0.355
3262,0.223
3264,0.193
3267,0.514
3271,0.378
3276,0.191
3278,0.205
3282,0.281
3286,0.23
3287,0.155
3291,0.455
3292,0.444
3298,0.079
3301,0.172
3304,0.315
3305,0.346
3308,0.254
3314,0.378
3315,0.433
3318,0.292
3321,0.031
3322,0.364
3323,0.328
3326,0.283
3327,0.359
3336,0.273
3341,0.073
3349,0.385
3351,0.242
3354,0.381
3355,0.397
3357,0.399
3360,0.499
3369,0.484
3372,0.053
3374,0.347
3377,0.286
3382,0.509
3384,0.346
3388,0.404
3390,0.34
3396,0.016
3397,0.3
3400,0.362
3402,0.153
3405,0.086
3406,0.506
3424,0.36
3427,0.483
3429,0.211
3433,0.357
3434,0.126
3441,0.293
3449,0.416
3450,0.247
3454,0.402
3455,0.342
3459,0.239
3460,0.358
3462,0.199
3468,0.405
3470,0.422
3471,0.363
3472,0.379
3477,0.309
3481,0.112
3484,0.374
3488,0.082
3490,0.384
3492,0.446
3496,0.519
3503,0.443
3507,0.246
3509,0.358
3513,0.154
3520,0.327
3530,0.284
3531,0.183
3532,0.192
3533,0.184
3534,0.291
3535,0.411
3536,0.277
3539,0.342
3542,0.315
3549,0.321
3552,0.249
3560,0.375
3565,0.308
3566,0.271
3575,0.19
3578,0.368
3580,0.322
3589,0.264
3592,0.183
3594,0.445
3596,0.228
3599,0.216
3602,0.352
3605,0.32
3606,0.345
3608,0.179
3619,0.337
3620,0.424
3622,0.299
3624,0.205
3637,0.229
3640,0.118
3641,0.353
3644,0.283
3645,0.323
3647,0.272
3648,0.296
3649,0.455
3657,0.276
3659,0.351
3663,0.136
3666,0.244
3670,0.27
3671,0.458
3677,0.221
3680,0.372
3681,0.256
3682,0.306
3686,0.321
3696,0.312
3698,0.288
3701,0.254
3713,0.325
3714,0.147
3716,0.136
3717,0.258
3722,0.308
3724,0.364
3727,0.262
3728,0.281
3729,0.055
3740,0.33
3741,0.175
3745,0.301
3753,0.266
3766,0.326
3767,0.436
3768,0.317
3775,0.346
3781,0.331
3782,0.343
3784,0.225
3789,0.375
3791,0.432
3792,0.316
3794,0.305
3795,0.207
3799,0.176
3804,0.254
3807,0.209
3812,0.398
3815,0.338
3817,0.314
3818,0.45
3819,0.275
3833,0.346
3834,0.32
3836,0.28
3838,0.349
3843,0.305
3844,0.429
3845,0.45
3847,0.386
3848,0.36
3849,0.251
3850,0.269
3851,0.335
3853,0.353
3858,0.378
3859,0.344
3860,0.312
3867,0.348
3869,0.314
3873,0.211
3874,0.442
3878,0.038
3883,0.367
3885,0.287
3889,0.469
3896,0.32
3897,0.34
3898,0.364
3904,0.253
3906,0.416
3910,0.431
3911,0.236
3915,0.375
3920,0.237
3921,0.336
3931,0.304
3936,0.346
3938,0.429
3942,0.358
3943,0.237
3945,0.238
3946,0.406
3951,0.406
3956,0.306
3959,0.207
3963,0.404
3964,0.318
3965,0.235
3970,0.282
3972,0.198
3981,0.36
3986,0.288
3987,0.354
3988,0.307
3989,0.269
3993,0.349
3995,0.435
3997,0.359
4010,0.35
4020,0.44
4021,0.371
4027,0.291
4028,0.421
4030,0.38
4031,0.317
4037,0.377
4044,0.344
4046,0.336
4049,0.202
4053,0.359
4054,0.338
4055,0.148
4066,0.386
4069,0.461
4074,0.326
4076,0.238
4079,0.291
4082,0.384
4083,0.381
4087,0.24
4089,0.29
4092,0.303
4093,0.51
4096,0.225
4097,0.33
4099,0.332
4104,0.224
4106,0.367
4110,0.24
4111,0.363
4115,0.293
4118,0.255
4121,0.414
4127,0.366
4135,0.308
4147,0.368
4152,0.436
4157,0.272
4162,0.36
4164,0.439
4176,0.228
4188,0.199
4190,0.263
4193,0.34
4199,0.261
4208,0.334
4211,0.248
4213,0.315
4214,0.265
4217,0.302
4218,0.412
4235,0.304
4240,0.381
4249,0.415
4261,0.249
4264,0.356
4266,0.284
4267,0.227
4270,0.286
4276,0.316
4287,0.27
4293,0.364
4294,0.409
4295,0.388
4307,0.425
4316,0.303
4323,0.29
4324,0.347
4326,0.395
4327,0.355
4328,0.285
4332,0.283
4333,0.443
4339,0.346
4343,0.324
4344,0.375
4351,0.313
4356,0.51
4357,0.38
4361,0.34
4365,0.34
4367,0.287
4369,0.272
4371,0.328
4372,0.203
4373,0.334
4375,0.51
4378,0.417
4388,0.269
4389,0.289
4396,0.393
4399,0.273
4404,0.329
4407,0.382
4409,0.24
4411,0.217
4413,0.245
4414,0.54
4421,0.399
4424,0.366
4429,0.253
4432,0.415
4439,0.328
4441,0.257
4442,0.384
4444,0.358
4450,0.267
4457,0.137
4460,0.454
4463,0.274
4464,0.271
4466,0.45
4469,0.435
4479,0.312
4485,0.301
4489,0.43
4491,0.396
4492,0.398
4493,0.268
4494,0.288
4496,0.34
4499,0.287
4508,0.345
4511,0.351
4512,0.392
4514,0.237
4517,0.317
4525,0.523
4526,0.213
4528,0.241
4532,0.274
4537,0.508
4547,0.24
4548,0.345
4551,0.26
4552,0.498
4553,0.377
4554,0.316
4557,0.303
4558,0.399
4559,0.428
4560,0.314
4562,0.337
4565,0.396
4570,0.333
4571,0.321
4572,0.292
4575,0.235
4576,0.224
4581,0.316
4583,0.283
4587,0.361
4588,0.257
4590,0.394
4593,0.328
4594,0.303
4605,0.231
4606,0.397
4611,0.419
4612,0.434
4614,0.1
4621,0.218
4622,0.387
4625,0.52
4628,0.351
4633,0.123
4636,0.436
4638,0.152
4644,0.401
4647,0.287
4651,0.104
4658,0.269
4661,0.432
4664,0.461
4670,0.184
4674,0.413
4680,0.285
4681,0.234
4683,0.168
4684,0.27
4685,0.355
4689,0.245
4692,0.402
4695,0.284
4697,0.205
4698,0.548
4700,0.189
4702,0.326
4704,0.284
4712,0.425
4718,0.323
4719,0.291
4726,0.173
4728,0.365
4730,0.403
4731,0.437
4732,0.424
4736,0.333
4740,0.155
4744,0.259
4745,0.225
4747,0.486
4756,0.346
4759,0.343
4761,0.385
4764,0.568
4769,0.334
4773,0.422
4774,0.432
4775,0.378
4780,0.418
4782,0.3
4788,0.376
4789,0.469
4792,0.161
4794,0.388
4797,0.31
4800,0.444
4801,0.082
4803,0.149
4805,0.436
4819,0.314
4822,0.251
4826,0.501
4829,0.209
4831,0.443
4833,0.159
4836,0.38
4837,0.264
4840,0.234
4843,0.437
4852,0.393
4856,0.421
4857,0.295
4861,0.347
4862,0.508
4863,0.481
4864,0.408
4867,0.305
4871,0.417
4873,0.238
4874,0.37
4876,0.33
4877,0.321
4889,0.196
4891,0.398
4892,0.271
4895,0.354
4897,0.355
4899,0.208
4900,0.303
4901,0.297
4905,0.24
4912,0.205
4919,0.229
4926,0.305
4928,0.191
4929,0.38
4931,0.319
4936,0.318
4937,0.3
4939,0.207
4948,0.286
4955,0.283
4959,0.26
4960,0.18
4967,0.095
4970,0.072
4973,0.185
4979,0.05
4984,0.279
4985,0.386
4988,0.249
4997,0.294
4998,0.368
4999,0.33
5000,0.119
5004,0.404
5006,0.338
5008,0.221
5011,0.353
5015,0.327
5022,0.14
5028,0.302
5031,0.253
5032,0.214
5036,0.256
5038,0.211
5039,0.288
5040,0.245
5041,0.261
5043,0.078
5051,0.327
5057,0.231
5060,0.174
5063,0.355
5066,0.141
5067,0.171
5069,0.482
5077,0.394
5078,0.22
5079,0.276
5081,0.282
5085,0.092
5088,0.235
5091,0.257
5094,0.147
5099,0.284
5100,0.239
5106,0.354
5111,0.172
5114,0.216
5118,0.171
5134,0.467
5135,0.263
5138,0.033
5143,0.232
5145,0.12
5148,0.277
5151,0.201
5162,0.176
5163,0.405
5165,0.112
5169,0.207
5173,0.492
5175,0.278
5176,0.119
5177,0.27
5182,0.252
5190,0.183
5196,0.203
5205,0.189
5207,0.22
5211,0.267
5217,0.212
5220,0.27
5221,0.326
5228,0.247
5233,0.112
5234,0.222
5240,0.271
5244,0.13
5245,0.232
5256,0.158
5257,0.242
5259,0.36
5261,0.263
5265,0.352
5267,0.283
5268,0.119
5269,0.312
5275,0.176
5276,0.307
5280,0.312
5281,0.182
5286,0.236
5289,0.236
5290,0.228
5291,0.337
5293,0.238
5297,0.31
5298,0.295
5302,0.339
5307,0.333
5309,0.111
5315,0.31
5318,0.074
5319,0.363
5323,0.079
5324,0.2
5330,0.318
5332,0.299
5333,0.337
5334,0.316
5339,0.323
5347,0.143
5348,0.171
5351,0.364
5353,0.444
5354,0.274
5362,0.309
5366,0.135
5369,0.12
5372,0.134
5377,0.182
5383,0.375
5384,0.167
5385,0.17
5388,0.236
5389,0.311
5390,0.236
5394,0.202
5396,0.246
5398,0.112
5412,0.134
5413,0.193
5414,0.211
5420,0.329
5424,0.212
5425,0.126
5426,0.188
5428,0.217
5429,0.264
5432,0.255
5440,0.255
5442,0.143
5447,0.473
5449,0.071
5451,0.202
5457,0.373
5459,0.24
5462,0.294
5464,0.261
5466,0.21
5480,0.122
5482,0.096
5485,0.211
5489,0.186
5491,0.384
5506,0.362
5509,0.345
5511,0.261
5513,0.125
5516,0.355
5517,0.265
5520,0.519
5527,0.226
5529,0.291
5530,0.285
5533,0.392
5534,0.345
5536,0.135
5537,0.361
5540,0.356
5541,0.232
5542,0.204
5544,0.104
5548,0.172
5549,0.366
5551,0.244
5558,0.149
5560,0.326
5561,0.532
5563,0.248
5570,0.278
5575,0.337
5580,0.267
5582,0.28
5583,0.139
5589,0.375
5590,0.152
5591,0.317
5600,0.265
5601,0.244
5603,0.15
5604,0.386
5610,0.269
5614,0.262
5617,0.289
5620,0.274
5622,0.094
5624,0.38
5636,0.201
5638,0.383
5639,0.146
5640,0.314
5641,0.099
5642,0.105
5654,0.231
5657,0.26
5659,0.302
5662,0.362
5667,0.188
5677,0.297
5678,0.228
5679,0.144
5689,0.326
5692,0.313
5694,0.231
5695,0.313
5697,0.363
5699,0.245
5709,0.218
5711,0.153
5717,0.249
5721,0.312
5722,0.122
5723,0.307
5726,0.213
5727,0.157
5731,0.426
5733,0.139
5735,0.178
5741,0.328
5742,0.309
5744,0.242
5746,0.314
5756,0.078
5757,0.312
5759,0.241
5765,0.266
5767,0.156
5770,0.18
5772,0.245
5773,0.093
5781,0.299
5782,0.23
5783,0.33
5785,0.302
5788,0.213
5797,0.324
5798,0.365
5799,0.354
5800,0.224
5801,0.535
5804,0.158
5810,0.437
5812,0.268
5813,0.307
5815,0.202
5819,0.171
5820,0.161
5824,0.404
5825,0.262
5827,0.194
5829,0.455
5830,0.302
5831,0.25
5834,0.35
5836,0.201
5839,0.35
5841,0.45
5842,0.217
5847,0.359
5850,0.266
5852,0.331
5855,0.242
5858,0.4
5862,0.356
5865,0.44
5866,0.46
5873,0.472
5875,0.31
5877,0.352
5879,0.127
5882,0.187
5891,0.362
5892,0.118
5900,0.262
5901,0.346
5904,0.23
5905,0.245
5909,0.371
5910,0.273
5911,0.378
5912,0.278
5916,0.316
5919,0.322
5920,0.26
5924,0.335
5927,0.433
5930,0.612
5931,0.423
5932,0.492
5940,0.291
5941,0.341
5942,0.518
5944,0.305
5945,0.278
5954,0.398
5955,0.337
5956,0.352
5958,0.407
5961,0.339
5964,0.318
5967,0.407
5968,0.259
5969,0.479
5971,0.26
5973,0.274
5974,0.362
5976,0.249
5977,0.419
5982,0.364
5984,0.337
5992,0.429
5994,0.446
5997,0.107
5998,0.234
5999,0.357
6002,0.365
6005,0.475
6012,0.418
6013,0.399
6015,0.365
6019,0.084
6020,0.331
6022,0.444
6024,0.147
6025,0.376
6026,0.409
6027,0.166
6032,0.372
6033,0.398
6035,0.258
6037,0.3
6039,0.422
6043,0.462
6045,0.281
6048,0.282
6055,0.346
6063,0.283
6066,0.261
6071,0.309
6072,0.139
6077,0.293
6087,0.352
6090,0.391
6091,0.42
6096,0.192
6098,0.276
6101,0.447
6107,0.341
6108,0.355
6113,0.042
6117,0.325
6118,0.457
6120,0.33
6121,0.22
6122,0.51
6123,0.137
6124,0.423
6128,0.322
6131,0.286
6134,0.09
6135,0.344
6140,0.281
6142,0.401
6143,0.306
6145,0.48
6147,0.191
6149,0.241
6152,0.338
6155,0.274
6157,0.068
6159,0.134
6161,0.32
6162,0.397
6167,0.421
6172,0.209
6180,0.366
6183,0.195
6190,0.336
6191,0.548
6194,0.389
6197,0.377
6199,0.458
6204,0.402
6207,0.348
6209,0.457
6211,0.33
6215,0.427
6218,0.322
6219,0.254
6220,0.363
6224,0.271
6227,0.466
6230,0.508
6232,0.304
6237,0.419
6238,0.332
6239,0.27
6245,0.33
6252,0.053
6255,0.315
6256,0.298
6261,0.308
6263,0.144
6265,0.475
6276,0.315
6277,0.51
6281,0.451
6284,0.395
6291,0.419
6303,0.372
6308,0.317
6309,0.12
6312,0.246
6313,0.328
6315,0.202
6316,0.155
6318,0.381
6320,0.37
6322,0.343
6323,0.311
6328,0.462
6331,0.361
6337,0.428
6343,0.286
6345,0.327
6352,0.212
6354,0.366
6357,0.315
6360,0.212
6362,0.411
6363,0.369
6364,0.273
6368,0.499
6371,0.418
6377,0.336
6378,0.215
6379,0.362
6381,0.36
6382,0.374
6383,0.359
6385,0.288
6397,0.256
6398,0.453
6399,0.229
6407,0.459
6408,0.366
6414,0.345
6417,0.41
6418,0.334
6420,0.384
6425,0.377
6427,0.08
6431,0.266
6433,0.428
6436,0.368
6438,0.425
6440,0.391
6441,0.434
6444,0.246
6447,0.351
6448,0.298
6449,0.442
6450,0.348
6453,0.195
6454,0.237
6455,0.342
6456,0.455
6459,0.298
6460,0.404
6464,0.382
6465,0.448
6467,0.123
6469,0.303
6471,0.34
6473,0.344
6474,0.337
6475,0.438
6478,0.373
6480,0.342
6481,0.517
6483,0.297
6484,0.489
6486,0.213
6487,0.396
6488,0.29
6494,0.303
6496,0.392
6503,0.308
6504,0.416
6507,0.32
6509,0.285
6511,0.351
6512,0.431
6522,0.499
6525,0.305
6526,0.231
6528,0.119
6531,0.292
6532,0.259
6533,0.445
6537,0.302
6541,0.205
6543,0.311
6545,0.386
6548,0.524
6553,0.347
6555,0.42
6556,0.246
6562,0.117
6564,0.387
6568,0.112
6571,0.274
6572,0.281
6589,0.229
6593,0.38
6600,0.416
6602,0.366
6604,0.38
6605,0.394
6606,0.36
6607,0.485
6608,0.217
6610,0.232
6614,0.134
6615,0.315
6616,0.368
6622,0.468
6623,0.353
6625,0.353
6629,0.247
6632,0.345
6633,0.404
6637,0.408
6638,0.202
6643,0.509
6645,0.263
6646,0.42
6653,0.352
6654,0.301
6662,0.297
6672,0.252
6682,0.11
6690,0.242
6691,0.385
6693,0.366
6694,0.349
6697,0.348
6700,0.365
6704,0.44
6706,0.368
6714,0.362
6715,0.198
6717,0.572
6721,0.318
6724,0.355
6725,0.327
6726,0.243
6728,0.41
6732,0.327
6738,0.462
6740,0.417
6744,0.285
6746,0.385
6747,0.339
6753,0.416
6755,0.528
6757,0.322
6758,0.286
6764,0.218
6765,0.291
6767,0.203
6769,0.267
6771,0.442
6774,0.135
6775,0.288
6777,0.392
6778,0.347
6782,0.221
6783,0.401
6787,0.291
6788,0.394
6790,0.358
6793,0.346
6794,0.287
6795,0.532
6797,0.322
6798,0.277
6799,0.352
6800,0.106
6801,0.428
6806,0.362
6817,0.466
6818,0.402
6819,0.439
6825,0.416
6831,0.409
6832,0.387
6835,0.381
6847,0.282
6849,0.319
6854,0.272
6856,0.333
6858,0.378
6869,0.247
6876,0.417
6878,0.321
6893,0.318
6894,0.443
6895,0.362
6900,0.429
6901,0.312
6904,0.486
6910,0.354
6917,0.322
6919,0.247
6923,0.398
6924,0.29
6932,0.41
6935,0.279
6941,0.302
6947,0.245
6948,0.353
6951,0.306
6952,0.302
6954,0.392
6957,0.547
6961,0.333
6962,0.41
6963,0.247
6967,0.338
6970,0.394
6971,0.265
6974,0.439
6975,0.13
6978,0.387
6981,0.264
6986,0.427
6988,0.266
6995,0.351
7007,0.252
7008,0.38
7009,0.343
7016,0.367
7020,0.274
7021,0.392
7024,0.433
7026,0.324
7028,0.401
7041,0.331
7043,0.425
7053,0.288
7055,0.328
7057,0.559
7064,0.33
7070,0.327
7074,0.334
7075,0.436
7081,0.383
7082,0.405
7084,0.332
7085,0.267
7086,0.462
7089,0.406
7096,0.289
7099,0.479
7102,0.391
7103,0.404
7105,0.169
7107,0.388
7109,0.337
7128,0.328
7130,0.365
7136,0.363
7141,0.297
7144,0.418
7154,0.3
7155,0.446
7157,0.391
7163,0.272
7164,0.397
7165,0.302
7167,0.345
7170,0.246
7174,0.347
7177,0.339
7178,0.256
7181,0.243
7182,0.319
7184,0.269
7188,0.359
7191,0.353
7193,0.402
7203,0.426
7205,0.315
7206,0.317
7209,0.185
7210,0.394
7211,0.306
7219,0.208
7221,0.521
7228,0.261
7229,0.353
7230,0.3
7236,0.274
7237,0.484
7244,0.396
7251,0.298
7252,0.311
7256,0.29
7259,0.224
7260,0.307
7266,0.418
7267,0.106
7270,0.331
7273,0.103
7274,0.048
7277,0.275
7278,0.249
7281,0.343
7286,0.538
7288,0.271
7289,0.401
7291,0.289
7296,0.29
7305,0.215
7309,0.473
7315,0.404
7317,0.182
7321,0.324
7323,0.241
7324,0.133
7327,0.474
7329,0.248
7334,0.276
7335,0.383
7336,0.433
7338,0.308
7339,0.218
7340,0.256
7342,0.304
7343,0.2
7348,0.253
7352,0.435
7353,0.335
7356,0.357
7366,0.321
7375,0.382
7383,0.247
7388,0.444
7392,0.291
7394,0.437
7396,0.102
7399,0.31
7405,0.271
7414,0.354
7427,0.403
7431,0.423
7446,0.15
7448,0.329
7449,0.216
7451,0.399
7456,0.362
7458,0.283
7460,0.303
7462,0.332
7464,0.32
7467,0.39
7471,0.323
7474,0.433
7483,0.174
7486,0.33
7487,0.344
7489,0.368
7494,0.318
7496,0.313
7499,0.395
7501,0.31
7502,0.486
7503,0.246
7509,0.285
7510,0.229
7515,0.476
7521,0.326
7522,0.094
7526,0.276
7531,0.384
7536,0.262
7540,0.482
7544,0.288
7545,0.466
7548,0.331
7554,0.219
7556,0.44
7558,0.422
7559,0.339
7563,0.406
7567,0.251
7570,0.258
7571,0.433
7579,0.396
7582,0.388
7586,0.437
7595,0.34
7596,0.263
7598,0.361
7600,0.3
7601,0.318
7605,0.267
7606,0.444
7608,0.468
7612,0.356
7617,0.229
7621,0.327
7630,0.426
7631,0.571
7633,0.373
7634,0.42
7638,0.23
7639,0.267
7640,0.268
7642,0.271
7643,0.297
7652,0.418
7653,0.4
7661,0.39
7662,0.406
7664,0.468
7671,0.275
7679,0.285
7683,0.265
7685,0.442
7689,0.403
7693,0.346
7694,0.52
7695,0.346
7696,0.271
7698,0.385
7700,0.093
7701,0.296
7708,0.374
7711,0.057
7712,0.528
7715,0.429
7721,0.103
7722,0.336
7723,0.482
7725,0.363
7734,0.261
7741,0.085
7743,0.188
7744,0.416
7745,0.41
7746,0.351
7750,0.427
7752,0.352
7753,0.191
7755,0.316
7758,0.341
7764,0.285
7766,0.342
7767,0.404
7771,0.237
7776,0.401
7780,0.186
7782,0.488
7783,0.38
7788,0.194
7789,0.348
7790,0.255
7797,0.36
7800,0.279
7804,0.392
7806,0.285
7807,0.367
7808,0.368
7809,0.334
7814,0.186
7815,0.331
7816,0.27
7818,0.429
7820,0.22
7821,0.332
7826,0.289
7828,0.413
7830,0.316
7845,0.31
7847,0.256
7851,0.21
7852,0.42
7856,0.413
7860,0.302
7866,0.484
7867,0.221
7868,0.413
7869,0.221
7873,0.437
7881,0.215
7891,0.205
7895,0.449
7896,0.406
7899,0.404
7907,0.517
7913,0.28
7919,0.416
7920,0.346
7921,0.243
7922,0.203
7925,0.326
7927,0.211
7932,0.223
7933,0.248
7935,0.385
7936,0.296
7938,0.184
7942,0.417
7943,0.524
7944,0.293
7950,0.185
7952,0.424
7953,0.32
7956,0.35
7961,0.385
7962,0.207
7964,0.193
7973,0.23
7977,0.302
7978,0.324
7981,0.466
7986,0.189
7988,0.537
7990,0.387
7992,0.344
7993,0.266
7994,0.34
7998,0.343
8002,0.336
8003,0.395
8009,0.503
8012,0.265
8014,0.35
8017,0.403
8021,0.163
8022,0.31
8023,0.406
8027,0.376
8028,0.388
8029,0.153
8039,0.236
8040,0.231
8041,0.367
8042,0.344
8043,0.265
8046,0.218
8048,0.368
8056,0.45
8071,0.517
8076,0.394
8078,0.29
8084,0.515
8088,0.297
8094,0.322
8095,0.277
8099,0.364
8103,0.413
8104,0.352
8106,0.313
8109,0.328
8110,0.542
8112,0.337
8113,0.509
8116,0.338
8119,0.18
8121,0.24
8125,0.191
8127,0.192
8134,0.396
8135,0.276
8136,0.293
8138,0.485
8147,0.254
8148,0.461
8149,0.277
8151,0.277
8153,0.377
8154,0.272
8157,0.311
8159,0.081
8160,0.212
8164,0.266
8165,0.2
8166,0.312
8168,0.391
8171,0.144
8172,0.216
8176,0.496
8179,0.359
8181,0.395
8183,0.322
8188,0.469
8189,0.416
8191,0.427
8197,0.4
8198,0.476
8199,0.28
8206,0.394
8207,0.394
8208,0.152
8210,0.201
8211,0.345
8216,0.134
8221,0.088
8222,0.62
8223,0.251
8224,0.411
8226,0.537
8229,0.33
8230,0.289
8237,0.269
8247,0.357
8248,0.374
8251,0.336
8253,0.248
8254,0.014
8255,0.337
8259,0.255
8263,0.346
8264,0.247
8265,0.366
8269,0.224
8273,0.071
8276,0.244
8279,0.278
8281,0.325
8282,0.314
8283,0.263
8284,0.345
8287,0.453
8292,0.387
8303,0.325
8310,0.16
8312,0.494
8313,0.387
8314,0.443
8318,0.447
8324,0.112
8328,0.303
8332,0.107
8333,0.336
8335,0.363
8336,0.241
8339,0.451
8342,0.315
8346,0.333
8348,0.333
8349,0.385
8350,0.145
8354,0.288
8355,0.361
8359,0.294
8362,0.084
8367,0.252
8370,0.219
8373,0.266
8383,0.268
8386,0.35
8387,0.377
8388,0.376
8391,0.322
8392,0.086
8404,0.541
8409,0.316
8410,0.229
8411,0.389
8412,0.316
8415,0.244
8417,0.246
8421,0.354
8424,0.233
8428,0.113
8434,0.325
8438,0.431
8443,0.053
8444,0.386
8445,0.282
8448,0.316
8449,0.237
8454,0.204
8457,0.372
8460,0.348
8466,0.463
8467,0.223
8470,0.27
8474,0.208
8479,0.106
8480,0.222
8482,0.197
8487,0.432
8488,0.373
8489,0.382
8498,0.352
8505,0.425
8508,0.293
8510,0.276
8514,0.248
8520,0.439
8523,0.365
8532,0.308
8534,0.394
8536,0.425
8541,0.293
8548,0.3
8550,0.474
8551,0.411
8555,0.243
8557,0.32
8558,0.286
8562,0.325
8563,0.557
8565,0.297
8569,0.404
8570,0.249
8576,0.254
8579,0.311
8584,0.074
8587,0.44
8598,0.463
8604,0.301
8606,0.284
8608,0.276
8612,0.348
8613,0.207
8615,0.292
8623,0.258
8628,0.384
8630,0.275
8635,0.197
8636,0.417
8638,0.41
8639,0.239
8644,0.409
8650,0.253
8654,0.399
8658,0.231
8660,0.342
8668,0.397
8673,0.303
8679,0.387
8684,0.143
8686,0.467
8692,0.258
8693,0.458
8694,0.291
8695,0.054
8696,0.198
8701,0.332
8709,0.289
8710,0.203
8713,0.153
8715,0.3
8721,0.3
8722,0.388
8723,0.157
8724,0.144
8725,0.239
8727,0.295
8728,0.288
8730,0.228
8732,0.249
8735,0.48
8738,0.357
8740,0.02
8741,0.19
8742,0.39
8743,0.401
8744,0.388
8749,0.277
8751,0.395
8752,0.291
8753,0.233
8758,0.306
8761,0.292
8762,0.333
8764,0.17
8767,0.416
8769,0.344
8770,0.521
8779,0.043
8783,0.405
8787,0.443
8794,0.278
8796,0.182
8798,0.278
8802,0.386
8806,0.368
8808,0.464
8809,0.487
8810,0.391
8812,0.419
8813,0.113
8814,0.418
8816,0.251
8819,0.4
8820,0.15
8821,0.31
8824,0.536
8825,0.389
8827,0.288
8830,0.362
8834,0.244
8835,0.352
8837,0.372
8840,0.419
8845,0.326
8848,0.339
8852,0.336
8859,0.193
8861,0.514
8864,0.369
8866,0.31
8867,0.428
8880,0.385
8886,0.387
8888,0.269
8890,0.235
8892,0.276
8894,0.524
8895,0.442
8897,0.344
8899,0.101
8907,0.305
8911,0.166
8914,0.328
8915,0.467
8928,0.43
8932,0.305
8934,0.366
8936,0.334
8944,0.307
8952,0.345
8958,0.386
8959,0.133
8961,0.261
8963,0.366
8967,0.257
8978,0.352
8987,0.365
8997,0.483
8998,0.178
9006,0.372
9007,0.326
9010,0.226
9012,0.205
9019,0.446
9023,0.403
9025,0.249
9029,0.276
9030,0.302
9032,0.146
9039,0.324
9042,0.29
9044,0.475
9045,0.294
9047,0.364
9050,0.343
9053,0.383
9059,0.405
9064,0.199
9069,0.304
9070,0.177
9074,0.386
9075,0.419
9080,0.477
9085,0.126
9087,0.357
9088,0.532
9089,0.272
9091,0.288
9096,0.324
9099,0.337
9102,0.326
9104,0.184
9106,0.141
9107,0.415
9117,0.401
9119,0.218
9127,0.43
9132,0.413
9149,0.404
9150,0.351
9152,0.353
9160,0.315
9164,0.097
9165,0.317
9166,0.165
9180,0.146
9181,0.391
9183,0.416
9188,0.352
9191,0.338
9192,0.471
9197,0.28
9200,0.359
9201,0.238
9202,0.322
9204,0.282
9207,0.242
9212,0.443
9216,0.169
9220,0.433
9224,0.282
9227,0.227
9230,0.302
9231,0.49
9232,0.374
9234,0.452
9238,0.233
9242,0.445
9243,0.249
9245,0.215
9248,0.14
9249,0.336
9253,0.019
9257,0.2
9260,0.132
9278,0.102
9281,0.359
9283,0.441
9284,0.368
9285,0.381
9287,0.34
9288,0.381
9292,0.515
9294,0.319
9295,0.221
9296,0.353
9299,0.277
9300,0.242
9301,0.518
9303,0.235
9306,0.328
9317,0.434
9320,0.273
9322,0.416
9324,0.322
9329,0.508
9337,0.191
9338,0.165
9339,0.394
9340,0.501
9342,0.47
9344,0.377
9348,0.357
9349,0.439
9359,0.259
9368,0.433
9369,0.075
9373,0.255
9381,0.346
9386,0.398
9387,0.489
9390,0.21
9391,0.426
9392,0.444
9396,0.344
9399,0.413
9401,0.288
9404,0.348
9407,0.322
9409,0.206
9410,0.256
9411,0.343
9412,0.22
9417,0.35
9422,0.083
9423,0.373
9424,0.36
9425,0.25
9426,0.238
9430,0.315
9436,0.379
9437,0.516
9452,0.344
9453,0.276
9454,0.413
9456,0.195
9460,0.369
9461,0.332
9466,0.205
9467,0.321
9469,0.309
9470,0.252
9471,0.23
9474,0.288
9475,0.297
9478,0.179
9481,0.482
9485,0.409
9489,0.088
9491,0.364
9492,0.326
9501,0.431
9507,0.341
9508,0.356
9509,0.273
9511,0.34
9512,0.16
9519,0.105
9520,0.266
9523,0.355
9524,0.371
9529,0.354
9530,0.346
9533,0.549
9534,0.197
9535,0.411
9537,0.26
9540,0.222
9547,0.253
9561,0.381
9566,0.336
9571,0.03
9573,0.207
9574,0.282
9580,0.394
9586,0.28
9587,0.174
9593,0.302
9596,0.215
9598,0.376
9605,0.568
9611,0.11
9621,0.307
9623,0.346
9627,0.335
9634,0.222
9635,0.336
9642,0.341
9643,0.373
9645,0.296
9652,0.455
9653,0.249
9657,0.377
9658,0.26
9663,0.245
9665,0.416
9669,0.26
9670,0.139
9672,0.317
9677,0.271
9679,0.246
9681,0.424
9683,0.281
9690,0.273
9691,0.151
9694,0.296
9695,0.173
9705,0.307
9706,0.397
9712,0.32
9716,0.436
9720,0.431
9721,0.144
9724,0.246
9727,0.173
9729,0.254
9736,0.183
9749,0.236
9756,0.457
9758,0.339
9759,0.37
9760,0.32
9761,0.312
9762,0.358
9765,0.235
9770,0.256
9773,0.372
9774,0.342
9776,0.47
9781,0.348
9784,0.301
9791,0.42
9792,0.46
9795,0.497
9806,0.22
9811,0.339
9812,0.371
9813,0.576
9815,0.281
9819,0.324
9826,0.208
9829,0.36
9832,0.246
9834,0.323
9835,0.448
9841,0.175
9845,0.421
9846,0.015
9849,0.421
9854,0.299
9861,0.422
9862,0.516
9866,0.435
9869,0.096
9872,0.379
9873,0.308
9875,0.344
9876,0.188
9877,0.432
9879,0.267
9880,0.084
9881,0.302
9883,0.4
9893,0.443
9895,0.294
9902,0.3
9903,0.34
9907,0.48
9910,0.257
9911,0.108
9912,0.293
9915,0.422
9918,0.452
9921,0.382
9922,0.265
9926,0.076
9927,0.225
9931,0.355
9932,0.519
9933,0.176
9936,0.292
9940,0.219
9951,0.144
9955,0.361
9958,0.361
9962,0.432
9965,0.16
9966,0.317
9971,0.369
9972,0.192
9975,0.558
9976,0.399
9977,0.241
9982,0.236
9985,0.408
9991,0.317
9993,0.5
9995,0.25
9999,0.442
10000,0.213
10001,0.268
10003,0.334
10006,0.154
10013,0.443
10014,0.45
10015,0.395
10017,0.266
10021,0.36
10025,0.373
10026,0.197
10027,0.476
10033,0.425
10034,0.262
10035,0.232
10039,0.497
10050,0.284
10051,0.258
10054,0.444
10056,0.132
10057,0.433
10060,0.187
10063,0.176
10064,0.216
10066,0.25
10067,0.33
10071,0.203
10072,0.355
10078,0.311
10083,0.279
10088,0.329
10089,0.247
10090,0.341
10091,0.374
10093,0.184
10094,0.568
10095,0.47
10097,0.415
10104,0.307
10107,0.22
10111,0.145
10112,0.297
10116,0.425
10120,0.385
10122,0.153
10126,0.425
10128,0.315
10130,0.39
10140,0.497
10141,0.426
10142,0.406
10143,0.309
10144,0.341
10147,0.4
10152,0.222
10155,0.38
10161,0.361
10164,0.55
10168,0.044
10173,0.436
10174,0.39
10176,0.359
10177,0.333
10179,0.242
10181,0.259
10182,0.27
10185,0.127
10186,0.276
10187,0.423
10189,0.427
10196,0.423
10199,0.307
10203,0.173
10213,0.283
10220,0.371
10222,0.093
10223,0.373
10224,0.227
10226,0.17
10231,0.163
10233,0.174
10242,0.325
10244,0.037
10251,0.344
10254,0.362
10255,0.373
10261,0.245
10262,0.155
10264,0.425
10267,0.298
10273,0.212
10276,0.305
10277,0.257
10279,0.394
10290,0.251
10296,0.216
10302,0.174
10303,0.206
10304,0.293
10306,0.437
10311,0.21
10312,0.266
10315,0.431
10320,0.356
10324,0.306
10330,0.161
10334,0.315
10335,0.39
10339,0.348
10343,0.417
10346,0.413
10350,0.075
10351,0.133
10352,0.168
10353,0.412
10367,0.132
10368,0.536
10369,0.369
10373,0.124
10374,0.396
10376,0.273
10381,0.291
10382,0.318
10385,0.493
10386,0.351
10392,0.377
10397,0.295
10398,0.322
10407,0.321
10414,0.39
10416,0.37
10424,0.583
10425,0.339
10426,0.456
10428,0.368
10432,0.121
10434,0.339
10437,0.198
10441,0.078
10443,0.282
10446,0.435
10447,0.411
10448,0.264
10450,0.337
10451,0.422
10455,0.267
10461,0.183
10466,0.487
10473,0.381
10475,0.468
10478,0.444
10485,0.173
10486,0.027
10490,0.361
10492,0.532
10493,0.168
10499,0.349
10502,0.286
10508,0.417
10515,0.308
10517,0.358
10518,0.128
10533,0.392
10534,0.415
10537,0.4
10544,0.403
10550,0.242
10553,0.278
10556,0.255
10563,0.025
10565,0.288
10574,0.36
10582,0.268
10584,0.223
10590,0.371
10597,0.361
10599,0.359
10611,0.21
10613,0.267
10622,0.165
10627,0.3
10630,0.064
10632,0.357
10635,0.297
10637,0.125
10638,0.277
10640,0.43
10641,0.167
10643,0.319
10644,0.445
10649,0.301
10652,0.41
10656,0.2
10657,0.301
10658,0.288
10659,0.367
10666,0.502
10667,0.326
10671,0.368
10674,0.384
10678,0.243
10679,0.129
10681,0.255
10684,0.164
10691,0.392
10693,0.481
10694,0.306
10697,0.361
10701,0.367
10709,0.357
10712,0.349
10713,0.324
10715,0.079
10716,0.407
10718,0.361
10723,0.161
10734,0.411
10735,0.373
10740,0.377
10743,0.361
10744,0.517
10746,0.411
10751,0.49
10756,0.261
10757,0.313
10759,0.187
10760,0.39
10762,0.423
10763,0.217
10765,0.251
10767,0.375
10768,0.4
10772,0.095
10773,0.19
10779,0.148
10781,0.335
10782,0.383
10785,0.417
10790,0.38
10792,0.166
10797,0.374
10798,0.466
10800,0.252
10802,0.342
10804,0.229
10808,0.25
10811,0.275
10813,0.319
10814,0.262
10819,0.415
10823,0.415
10825,0.554
10827,0.366
10828,0.237
10831,0.176
10834,0.332
10840,0.373
10841,0.194
10842,0.438
10843,0.389
10851,0.263
10859,0.412
10861,0.463
10863,0.432
10866,0.231
10867,0.426
10874,0.489
10876,0.373
10882,0.308
10886,0.302
10890,0.349
10893,0.342
10896,0.046
10904,0.394
10907,0.267
10909,0.271
10913,0.321
10914,0.502
10916,0.338
10919,0.481
10923,0.213
10924,0.354
10925,0.351
10928,0.318
10937,0.313
10938,0.403
10941,0.163
10942,0.357
10943,0.252
10951,0.263
10953,0.235
10954,0.265
10958,0.299
10960,0.252
10962,0.398
10963,0.327
10969,0.304
10971,0.388
10972,0.257
10976,0.283
10977,0.276
10978,0.422
10981,0.303
10986,0.252
10989,0.408
10996,0.406
11000,0.134
11001,0.263
11011,0.313
11013,0.303
11022,0.365
11023,0.397
11026,0.309
11032,0.35
11034,0.289
11036,0.339
11042,0.285
11044,0.242
11046,0.392
11047,0.41
11049,0.077
11055,0.347
11056,0.357
11057,0.473
11061,0.526
11064,0.171
11077,0.271
11078,0.283
11079,0.346
11080,0.187
11081,0.317
11084,0.159
11093,0.441
11096,0.426
11105,0.078
11108,0.321
11113,0.42
11115,0.47
11121,0.184
11133,0.282
11138,0.374
11139,0.265
11142,0.373
11151,0.211
11157,0.165
11161,0.209
11162,0.398
11163,0.396
11167,0.142
11171,0.507
11172,0.151
11179,0.302
11182,0.262
11185,0.116
11188,0.147
11191,0.489
11193,0.344
11196,0.436
11197,0.263
11198,0.323
11202,0.323
11210,0.208
11215,0.356
11218,0.091
11220,0.441
11231,0.447
11232,0.432
11233,0.286
11234,0.422
11237,0.443
11239,0.349
11240,0.255
11242,0.369
11245,0.482
11252,0.297
11253,0.413
11256,0.461
11260,0.292
11261,0.288
11262,0.35
11263,0.392
11264,0.137
11265,0.539
11266,0.326
11269,0.358
11273,0.52
11274,0.293
11276,0.224
11277,0.385
11281,0.326
11287,0.302
11290,0.065
11291,0.339
11293,0.354
11298,0.486
11299,0.413
11300,0.393
11302,0.517
11308,0.45
11310,0.382
11312,0.3
11313,0.137
11315,0.444
11317,0.234
11318,0.451
11321,0.127
11322,0.317
11341,0.355
11343,0.373
11351,0.344
11352,0.236
11361,0.381
11363,0.386
11371,0.451
11372,0.356
11377,0.228
11381,0.381
11382,0.485
11386,0.169
11391,0.457
11392,0.152
11393,0.387
11397,0.345
11398,0.365
11399,0.129
11403,0.458
11405,0.103
11408,0.265
11412,0.115
11413,0.413
11414,0.418
11416,0.331
11417,0.334
11424,0.315
11427,0.392
11428,0.303
11436,0.317
11439,0.123
11440,0.377
11441,0.368
11446,0.233
11450,0.455
11455,0.505
11460,0.371
11461,0.286
11463,0.179
11466,0.396
11467,0.373
11470,0.277
11473,0.347
11474,0.253
11476,0.313
11486,0.34
11488,0.29
11490,0.417
11493,0.325
11495,0.308
11501,0.249
11502,0.353
11504,0.267
11505,0.228
11507,0.364
11514,0.413
11519,0.423
11523,0.285
11527,0.117
11528,0.347
11531,0.374
11535,0.417
11540,0.469
11542,0.235
11557,0.349
11559,0.373
11560,0.428
11566,0.21
11568,0.212
11569,0.222
11571,0.183
11573,0.341
11574,0.335
11575,0.381
11577,0.254
11581,0.405
11583,0.356
11585,0.077
11587,0.475
11591,0.41
11593,0.292
11595,0.475
11596,0.346
11598,0.333
11599,0.375
11603,0.112
11608,0.219
11609,0.327
11610,0.345
11620,0.362
11621,0.267
11625,0.301
11628,0.21
11630,0.464
11634,0.205
11637,0.278
11644,0.448
11645,0.462
11650,0.335
11652,0.213
11658,0.212
11661,0.245
11664,0.34
11667,0.371
11670,0.482
11675,0.214
11676,0.109
11677,0.464
11678,0.182
11679,0.238
11684,0.399
11686,0.345
11687,0.262
11693,0.113
11700,0.386
11702,0.418
11706,0.206
11708,0.154
11716,0.535
11718,0.263
11725,0.426
11726,0.287
11728,0.353
11741,0.341
11742,0.199
11748,0.426
11750,0.361
11751,0.281
11754,0.276
11755,0.44
11756,0.446
11760,0.496
11763,0.466
11764,0.481
11766,0.204
11770,0.234
11778,0.346
11783,0.279
11789,0.349
11792,0.132
11794,0.35
11796,0.267
11797,0.364
11801,0.286
11806,0.343
11807,0.468
11808,0.418
11809,0.328
11810,0.273
11811,0.353
11816,0.403
11817,0.375
11818,0.419
11821,0.425
11823,0.245
11824,0.24
11827,0.34
11828,0.064
11838,0.208
11840,0.382
11845,0.298
11851,0.329
11858,0.249
11863,0.472
11864,0.403
11865,0.382
11868,0.243
11870,0.363
11872,0.402
11876,0.285
11885,0.178
11888,0.344
11891,0.287
11892,0.327
11893,0.086
11895,0.323
11898,0.485
11901,0.311
11908,0.105
11910,0.26
11911,0.371
11916,0.288
11924,0.27
11931,0.134
11940,0.404
11941,0.227
11942,0.36
11946,0.394
11949,0.331
11950,0.408
11955,0.26
11964,0.345
11967,0.343
11987,0.331
11993,0.368
11997,0.241
12004,0.337
12009,0.256
12011,0.225
12015,0.12
12019,0.317
12025,0.524
12031,0.286
12032,0.191
12045,0.082
12046,0.4
12048,0.29
12049,0.324
12050,0.163
12058,0.33
12067,0.185
12068,0.541
12079,0.425
12082,0.446
12085,0.221
12086,0.236
12087,0.371
12091,0.348
12097,0.44
12098,0.253
12101,0.238
12102,0.429
12104,0.29
12109,0.404
12112,0.086
12113,0.045
12133,0.373
12139,0.374
12144,0.355
12145,0.53
12149,0.447
12150,0.378
12152,0.274
12154,0.438
12158,0.461
12159,0.273
12160,0.065
12161,0.076
12163,0.431
12166,0.393
12172,0.414
12175,0.386
12177,0.353
12178,0.481
12181,0.328
12185,0.423
12186,0.268
12189,0.289
12190,0.331
12191,0.352
12192,0.338
12194,0.395
12195,0.262
12197,0.28
12201,0.206
12203,0.451
12206,0.094
12212,0.137
12214,0.323
12217,0.406
12218,0.339
12225,0.234
12227,0.131
12240,0.492
12241,0.432
12244,0.243
12247,0.273
12248,0.314
12249,0.277
12254,0.358
12256,0.308
12257,0.408
12258,0.394
12260,0.337
12263,0.476
12266,0.48
12272,0.359
12274,0.363
12276,0.324
12278,0.066
12281,0.512
12284,0.3
12286,0.34
12288,0.448
12291,0.081
12295,0.43
12311,0.385
12328,0.312
12330,0.203
12331,0.115
12332,0.461
12337,0.148
12341,0.311
12347,0.479
12348,0.248
12351,0.454
12354,0.073
12355,0.267
12356,0.171
12363,0.503
12366,0.059
12368,0.423
12370,0.316
12375,0.311
12377,0.422
12380,0.223
12387,0.24
12391,0.255
12397,0.393
12401,0.251
12402,0.318
12409,0.263
12414,0.281
12417,0.406
12418,0.073
12419,0.123
12420,0.326
12423,0.392
12424,0.364
12429,0.076
12431,0.374
12432,0.328
12434,0.031
12439,0.251
12443,0.032
12444,0.268
12448,0.43
12455,0.382
12463,0.21
12469,0.055
12472,0.361
12473,0.259
12475,0.287
12480,0.289
12484,0.343
12491,0.399
12492,0.31
12501,0.143
12503,0.129
12504,0.042
12505,0.15
12510,0.29
12511,0.24
12512,0.452
12517,0.373
12518,0.202
12522,0.231
12526,0.21
12530,0.487
12540,0.376
12549,0.314
12552,0.397
12553,0.398
12556,0.342
12560,0.507
12563,0.338
12569,0.258
12572,0.407
12573,0.296
12574,0.248
12576,0.336
12579,0.241
12580,0.391
12587,0.339
12589,0.41
12590,0.425
12592,0.01
12596,0.37
12599,0.092
12600,0.021
12603,0.277
12604,0.24
12606,0.337
12610,0.333
12613,0.131
12623,0.114
12626,0.367
12627,0.077
12629,0.379
12633,0.163
12639,0.274
12642,0.27
12646,0.225
12648,0.227
12650,0.388
12651,0.383
12653,0.467
12658,0.24
12661,0.21
12663,0.416
12669,0.269
12673,0.293
12676,0.433
12680,0.492
12681,0.133
12683,0.295
12684,0.314
12689,0.276
12694,0.325
12697,0.267
12700,0.487
12701,0.314
12703,0.482
12706,0.172
12707,0.407
12708,0.347
12720,0.404
12722,0.388
12724,0.206
12730,0.265
12742,0.337
12748,0.463
12750,0.272
12752,0.192
12753,0.108
12756,0.423
12758,0.156
12762,0.15
12767,0.306
12774,0.331
12781,0.299
12789,0.325
12794,0.279
12798,0.457
12801,0.204
12807,0.297
12812,0.427
12813,0.181
12815,0.349
12818,0.261
12823,0.383
12824,0.085
12826,0.278
12828,0.429
12834,0.293
12836,0.288
12837,0.26
12841,0.354
12844,0.352
12845,0.368
12846,0.296
12860,0.255
12862,0.207
12868,0.22
12869,0.239
12871,0.31
12873,0.202
12874,0.23
12875,0.257
12877,0.359
12881,0.22
12883,0.21
12886,0.359
12889,0.283
12891,0.036
12893,0.36
12895,0.388
12896,0.339
12900,0.235
12904,0.357
12907,0.272
12910,0.405
12925,0.277
12931,0.36
12932,0.466
12935,0.153
12939,0.434
12941,0.415
12943,0.441
12948,0.191
12962,0.036
12964,0.396
12970,0.241
12991,0.151
12994,0.378
12998,0.195
13000,0.266
13009,0.534
13016,0.414
13018,0.268
13019,0.346
13021,0.217
13023,0.289
13024,0.268
13030,0.46
13036,0.361
13040,0.242
13042,0.336
13044,0.414
13046,0.368
13049,0.296
13052,0.36
13054,0.066
13056,0.35
13057,0.28
13059,0.358
13060,0.487
13063,0.445
13064,0.342
13067,0.354
13068,0.365
13076,0.39
13081,0.104
13083,0.47
13084,0.363
13085,0.314
13088,0.326
13089,0.302
13092,0.442
13095,0.379
13100,0.262
13103,0.467
13104,0.536
13106,0.352
13110,0.289
13114,0.209
13116,0.229
13118,0.269
13119,0.385
13120,0.418
13122,0.146
13125,0.106
13127,0.438
13131,0.138
13133,0.485
13136,0.344
13139,0.263
13141,0.347
13146,0.321
13157,0.37
13164,0.115
13165,0.338
13168,0.434
13170,0.264
13172,0.321
13179,0.113
13180,0.48
13181,0.224
13183,0.391
13184,0.238
13192,0.48
13194,0.228
13196,0.372
13204,0.133
13210,0.098
13221,0.444
13224,0.417
13226,0.266
13231,0.274
13235,0.239
13238,0.145
13240,0.182
13246,0.196
13251,0.434
13260,0.42
13264,0.227
13265,0.148
13266,0.347
13270,0.291
13272,0.368
13273,0.247
13274,0.152
13275,0.46
13278,0.321
13282,0.228
13284,0.261
13285,0.155
13290,0.522
13299,0.184
13301,0.247
13304,0.106
13307,0.225
13308,0.089
13310,0.4
13312,0.249
13320,0.508
13325,0.21
13327,0.175
13330,0.311
13332,0.235
13333,0.21
13334,0.238
13338,0.531
13339,0.442
13345,0.558
13352,0.566
13359,0.233
13362,0.143
13370,0.407
13371,0.3
13373,0.236
13375,0.219
13379,0.302
13380,0.277
13381,0.179
13385,0.269
13395,0.142
13397,0.316
13402,0.611
13403,0.408
13407,0.164
13415,0.328
13418,0.391
13424,0.327
13428,0.386
13430,0.356
13431,0.259
13438,0.383
13440,0.478
13441,0.153
13445,0.091
13450,0.405
13458,0.398
13459,0.428
13461,0.341
13467,0.229
13472,0.351
13474,0.38
13481,0.304
13482,0.204
13484,0.355
13486,0.38
13490,0.248
13492,0.065
13493,0.458
13501,0.302
13503,0.24
13507,0.4
13508,0.447
13513,0.392
13516,0.34
13520,0.254
13524,0.32
13526,0.465
13530,0.422
13531,0.351
13536,0.291
13543,0.319
13545,0.283
13550,0.042
13551,0.223
13552,0.447
13554,0.245
13560,0.275
13561,0.309
13563,0.37
13566,0.278
13573,0.298
13574,0.3
13576,0.295
13585,0.27
13590,0.256
13594,0.235
13601,0.372
13603,0.303
13604,0.334
13609,0.252
13611,0.303
13616,0.441
13618,0.312
13619,0.376
13623,0.379
13625,0.24
13629,0.451
13630,0.248
13634,0.212
13635,0.16
13639,0.396
13640,0.403
13641,0.299
13642,0.235
13646,0.426
13647,0.238
13651,0.29
13652,0.393
13656,0.228
13666,0.374
13669,0.304
13672,0.416
13674,0.39
13689,0.434
13702,0.221
13710,0.583
13724,0.302
13726,0.377
13728,0.294
13729,0.272
13732,0.22
13733,0.4
13738,0.216
13744,0.337
13745,0.535
13748,0.309
13750,0.405
13753,0.302
13758,0.272
13760,0.419
13766,0.315
13769,0.324
13770,0.402
13774,0.102
13775,0.513
13776,0.405
13778,0.233
13779,0.364
13784,0.433
13787,0.309
13791,0.25
13793,0.278
13794,0.423
13797,0.503
13798,0.213
13799,0.363
13806,0.275
13807,0.444
13808,0.339
13815,0.343
13816,0.267
13817,0.347
13818,0.166
13819,0.157
13820,0.206
13822,0.194
13823,0.424
13825,0.274
13827,0.496
13832,0.176
13836,0.315
13838,0.397
13842,0.268
13843,0.13
13847,0.313
13848,0.309
13856,0.51
13858,0.136
13861,0.295
13867,0.298
13872,0.22
13874,0.335
13875,0.444
13885,0.266
13887,0.304
13888,0.417
13889,0.175
13894,0.352
13896,0.327
13900,0.311
13901,0.277
13902,0.478
13910,0.305
13915,0.028
13916,0.385
13919,0.324
13924,0.334
13926,0.404
13929,0.423
13930,0.424
13933,0.36
13935,0.236
13937,0.271
13939,0.266
13941,0.328
13947,0.276
13949,0.391
13953,0.341
13955,0.35
13958,0.282
13963,0.288
13967,0.421
13969,0.287
13973,0.24
13979,0.242
13981,0.317
13983,0.44
13988,0.311
13992,0.337
13998,0.404
13999,0.389
14001,0.415
14005,0.229
14006,0.182
14008,0.519
14011,0.361
14018,0.276
14020,0.344
14026,0.342
14032,0.084
14033,0.359
14034,0.211
14035,0.414
14038,0.362
14040,0.313
14045,0.326
14046,0.409
14048,0.342
14049,0.268
14057,0.248
14059,0.245
14063,0.288
14064,0.292
14066,0.4
14071,0.345
14074,0.353
14076,0.196
14080,0.322
14083,0.545
14084,0.268
14093,0.201
14098,0.282
14102,0.332
14104,0.159
14110,0.33
14114,0.143
14118,0.417
14123,0.288
14127,0.457
14130,0.3
14135,0.348
14139,0.104
14147,0.393
14148,0.057
14160,0.235
14161,0.335
14162,0.275
14168,0.247
14169,0.313
14177,0.499
14178,0.192
14181,0.276
14184,0.39
14186,0.392
14187,0.087
14192,0.403
14195,0.274
14196,0.301
14197,0.135
14199,0.471
14204,0.239
14205,0.279
14206,0.139
14210,0.335
14212,0.333
14214,0.284
14220,0.439
14234,0.448
14240,0.361
14243,0.463
14244,0.244
14247,0.421
14251,0.233
14254,0.474
14256,0.381
14261,0.474
14262,0.115
14266,0.252
14268,0.393
14272,0.224
14277,0.38
14278,0.341
14283,0.259
14285,0.137
14287,0.304
14289,0.39
14292,0.352
14295,0.152
14299,0.124
14304,0.22
14307,0.28
14309,0.19
14310,0.27
14315,0.224
14317,0.373
14320,0.252
14323,0.26
14324,0.167
14329,0.497
14331,0.374
14336,0.391
14342,0.211
14350,0.309
14351,0.332
14353,0.214
14354,0.169
14358,0.235
14359,0.097
14361,0.368
14365,0.368
14367,0.354
14369,0.406
14373,0.355
14380,0.282
14381,0.315
14382,0.235
14394,0.341
14399,0.399
14402,0.215
14403,0.21
14405,0.46
14411,0.403
14412,0.254
14416,0.352
14419,0.183
14421,0.332
14423,0.384
14429,0.124
14432,0.345
14433,0.174
14435,0.271
14436,0.452
14446,0.258
14450,0.188
14454,0.317
14456,0.346
14458,0.073
14464,0.213
14465,0.201
14467,0.36
14475,0.181
14482,0.184
14483,0.407
14485,0.384
14491,0.199
14495,0.317
14504,0.291
14508,0.297
14510,0.141
14514,0.488
14517,0.237
14519,0.29
14523,0.52
14529,0.485
14530,0.336
14531,0.329
14534,0.497
14536,0.382
14537,0.431
14538,0.388
14543,0.379
14549,0.442
14552,0.387
14554,0.429
14557,0.386
14566,0.322
14568,0.269
14573,0.136
14574,0.198
14575,0.193
14576,0.189
14578,0.115
14579,0.159
14580,0.211
14583,0.298
14590,0.197
14594,0.316
14597,0.255
14603,0.391
14606,0.467
14607,0.491
14611,0.385
14612,0.351
14618,0.291
14620,0.407
14621,0.325
14622,0.156
14634,0.401
14636,0.449
14645,0.473
14648,0.299
14652,0.4
14658,0.256
14662,0.402
14664,0.414
14665,0.416
14668,0.138
14670,0.268
14672,0.393
14680,0.219
14681,0.404
14682,0.267
14685,0.369
14690,0.23
14692,0.395
14694,0.36
14701,0.291
14702,0.261
14704,0.126
14707,0.156
14711,0.258
14712,0.416
14716,0.264
14718,0.265
14723,0.447
14728,0.292
14730,0.339
14731,0.369
14734,0.433
14738,0.358
14741,0.379
14754,0.134
14755,0.329
14756,0.179
14758,0.364
14763,0.206
14767,0.222
14770,0.242
14774,0.231
14776,0.392
14781,0.268
14782,0.451
14784,0.344
14788,0.235
14791,0.357
14793,0.49
14795,0.276
14796,0.084
14797,0.336
14798,0.328
14803,0.398
14804,0.423
14814,0.214
14819,0.37
14825,0.414
14826,0.356
14828,0.503
14830,0.336
14837,0.455
14844,0.445
14847,0.091
14851,0.29
14855,0.519
14863,0.467
14865,0.338
14869,0.423
14871,0.27
14880,0.105
14881,0.162
14889,0.411
14890,0.298
14896,0.241
14903,0.245
14914,0.373
14916,0.436
14921,0.306
14922,0.328
14925,0.279
14927,0.274
14929,0.582
14931,0.314
14937,0.523
14938,0.231
14939,0.383
14940,0.358
14944,0.294
14948,0.401
14951,0.199
14953,0.309
14954,0.268
14964,0.385
14967,0.33
14969,0.316
14970,0.222
14971,0.262
14973,0.264
14986,0.145
14987,0.25
14988,0.352
14990,0.446
14991,0.313
14993,0.274
14997,0.343
15002,0.275
15005,0.277
15007,0.214
15009,0.221
15011,0.246
15012,0.157
15017,0.413
15023,0.426
15027,0.424
15028,0.363
15030,0.37
15041,0.345
15046,0.242
15047,0.305
15053,0.556
15054,0.403
15057,0.218
15058,0.184
15059,0.23
15061,0.188
15065,0.49
15070,0.32
15076,0.534
15079,0.431
15084,0.325
15086,0.123
15087,0.388
15097,0.062
15100,0.213
15104,0.492
15110,0.3
15117,0.218
15118,0.334
15121,0.255
15128,0.179
15130,0.239
15131,0.259
15132,0.273
15135,0.294
15139,0.48
15146,0.439
15150,0.343
15152,0.423
15162,0.381
15163,0.458
15167,0.505
15172,0.306
15175,0.455
15182,0.433
15185,0.324
15188,0.539
15195,0.319
15200,0.507
15203,0.341
15207,0.162
15210,0.267
15217,0.368
15219,0.243
15220,0.457
15221,0.37
15230,0.324
15236,0.238
15239,0.483
15243,0.525
15244,0.103
15251,0.24
15254,0.364
15267,0.216
15269,0.228
15272,0.16
15274,0.388
15283,0.224
15284,0.379
15288,0.39
15297,0.409
15300,0.053
15302,0.429
15303,0.141
15304,0.338
15307,0.143
15309,0.506
15322,0.374
15327,0.274
15330,0.299
15331,0.34
15333,0.243
15337,0.394
15339,0.484
15343,0.544
15344,0.251
15345,0.286
15347,0.211
15350,0.106
15353,0.392
15359,0.237
15364,0.264
15369,0.144
15375,0.508
15377,0.219
15378,0.326
15381,0.438
15383,0.428
15384,0.219
15388,0.584
15393,0.296
15394,0.295
15395,0.288
15400,0.154
15404,0.29
15408,0.334
15410,0.286
15411,0.295
15412,0.297
15414,0.343
15415,0.4
15416,0.272
15420,0.26
15421,0.503
15422,0.04
15423,0.191
15428,0.286
15429,0.31
15433,0.426
15438,0.277
15442,0.231
15447,0.333
15448,0.318
15453,0.35
15460,0.476
15463,0.074
15464,0.322
15465,0.249
15466,0.181
15468,0.387
15476,0.474
15478,0.327
15479,0.253
15480,0.382
15483,0.336
15486,0.513
15488,0.359
15491,0.461
15496,0.269
15499,0.445
15503,0.44
15508,0.244
15509,0.29
15510,0.336
15516,0.44
15517,0.481
15518,0.181
15519,0.439
15522,0.194
15523,0.321
15524,0.273
15525,0.428
15528,0.138
15529,0.162
15532,0.379
15536,0.515
15545,0.163
15546,0.323
15547,0.17
15560,0.115
15561,0.313
15562,0.386
15563,0.148
15564,0.391
15578,0.341
15582,0.356
15589,0.096
15590,0.223
15592,0.348
15595,0.347
15597,0.057
15600,0.188
15605,0.459
15611,0.411
15615,0.401
15630,0.256
15632,0.383
15637,0.235
15640,0.178
15646,0.468
15647,0.477
15648,0.241
15649,0.258
15650,0.345
15651,0.251
15652,0.395
15656,0.414
15658,0.413
15660,0.366
15661,0.328
15666,0.351
15667,0.299
15670,0.238
15673,0.32
15674,0.096
15679,0.431
15684,0.281
15694,0.494
15698,0.389
15704,0.234
15706,0.254
15707,0.489
15710,0.131
15711,0.308
15718,0.392
15719,0.301
15720,0.543
15727,0.32
15733,0.301
15736,0.269
15743,0.421
15745,0.433
15756,0.23
15763,0.422
15766,0.411
15767,0.423
15775,0.305
15776,0.182
15780,0.411
15784,0.351
15786,0.315
15790,0.375
15791,0.25
15798,0.228
15799,0.414
15805,0.134
15808,0.145
15810,0.419
15812,0.324
15813,0.226
15814,0.323
15815,0.244
15818,0.176
15819,0.413
15823,0.508
15825,0.518
15826,0.277
15828,0.324
15833,0.272
15841,0.2
15843,0.311
15844,0.282
15846,0.205
15858,0.228
15862,0.362
15863,0.442
15865,0.156
15866,0.346
15868,0.244
15871,0.433
15872,0.423
15874,0.29
15875,0.347
15876,0.212
15881,0.372
15884,0.257
15889,0.27
15891,0.17
15893,0.361
15894,0.531
15897,0.326
15900,0.325
15903,0.259
15905,0.21
15908,0.298
15911,0.139
15912,0.378
15914,0.419
15917,0.252
15920,0.193
15921,0.399
15928,0.229
15931,0.299
15932,0.269
15939,0.387
15944,0.282
15951,0.109
15958,0.498
15959,0.045
15960,0.271
15968,0.087
15978,0.233
15979,0.263
15988,0.302
15990,0.108
15992,0.378
15994,0.158
15999,0.265
16000,0.136
16001,0.334
16002,0.088
16003,0.405
16007,0.344
16014,0.182
16017,0.279
16018,0.483
16020,0.411
16021,0.21
16031,0.094
16033,0.035
16040,0.235
16053,0.375
16057,0.337
16060,0.474
16065,0.125
16076,0.393
16078,0.249
16079,0.05
16086,0.227
16087,0.34
16088,0.428
16089,0.39
16091,0.33
16095,0.387
16105,0.518
16119,0.351
16121,0.336
16122,0.083
16123,0.341
16127,0.2
16129,0.332
16131,0.15
16135,0.181
16140,0.53
16145,0.38
16149,0.079
16153,0.375
16156,0.239
16158,0.404
16164,0.371
16170,0.266
16172,0.328
16176,0.083
16179,0.385
16183,0.132
16190,0.179
16192,0.338
16194,0.302
16196,0.178
16202,0.386
16203,0.306
16229,0.321
16231,0.493
16234,0.414
16237,0.411
16241,0.344
16243,0.11
16249,0.302
16254,0.284
16259,0.287
16260,0.411
16261,0.105
16263,0.302
16265,0.298
16271,0.295
16273,0.354
16275,0.261
16276,0.074
16280,0.384
16291,0.311
16293,0.418
16294,0.331
16301,0.247
16302,0.272
16305,0.354
16306,0.347
16307,0.288
16313,0.268
16315,0.428
16317,0.123
16320,0.168
16324,0.202
16326,0.286
16332,0.287
16336,0.302
16339,0.407
16346,0.326
16350,0.088
16359,0.23
16364,0.462
16365,0.502
16367,0.369
16368,0.39
16370,0.27
16373,0.5
16379,0.382
16381,0.45
16386,0.361
16390,0.254
16392,0.178
16395,0.159
16401,0.252
16406,0.225
16407,0.252
16408,0.455
16411,0.542
16412,0.344
16414,0.172
16418,0.22
16423,0.117
16428,0.189
16434,0.149
16436,0.249
16438,0.351
16448,0.435
16452,0.412
16458,0.051
16469,0.535
16470,0.335
16471,0.379
16473,0.269
16474,0.492
16476,0.511
16480,0.312
16482,0.405
16487,0.26
16488,0.243
16489,0.273
16493,0.321
16495,0.209
16497,0.171
16507,0.109
16514,0.393
16515,0.401
16518,0.356
16521,0.241
16524,0.433
16531,0.104
16536,0.326
16543,0.26
16544,0.501
16547,0.186
16550,0.293
16562,0.519
16563,0.319
16564,0.513
16566,0.367
16567,0.257
16568,0.474
16569,0.343
16574,0.378
16575,0.358
16580,0.087
16582,0.292
16584,0.332
16586,0.334
16587,0.111
16592,0.229
16594,0.413
16596,0.24
16597,0.177
16598,0.344
16600,0.107
16605,0.271
16609,0.32
16611,0.258
16612,0.31
16613,0.451
16614,0.15
16620,0.133
16629,0.479
16636,0.086
16640,0.438
16642,0.299
16643,0.381
16646,0.27
16648,0.332
16656,0.054
16658,0.198
16659,0.455
16668,0.393
16677,0.324
16682,0.074
16686,0.442
16687,0.058
16689,0.207
16691,0.346
16695,0.467
16698,0.295
16700,0.292
16701,0.256
16706,0.346
16711,0.113
16715,0.25
16719,0.423
16721,0.22
16728,0.238
16736,0.325
16741,0.147
16742,0.35
16744,0.278
16747,0.245
16749,0.325
16750,0.459
16751,0.111
16753,0.352
16755,0.063
16757,0.43
16761,0.24
16764,0.343
16767,0.208
16771,0.538
16773,0.245
16776,0.27
16783,0.255
16785,0.141
16790,0.262
16792,0.08
16793,0.292
16794,0.479
16795,0.287
16798,0.247
16823,0.111
16825,0.108
16827,0.357
16831,0.246
16834,0.3
16844,0.448
16847,0.239
16855,0.395
16858,0.178
16859,0.37
16861,0.11
16866,0.239
16869,0.146
16870,0.297
16873,0.198
16874,0.173
16876,0.309
16877,0.594
16880,0.203
16883,0.301
16892,0.317
16893,0.449
16895,0.241
16896,0.339
16897,0.085
16899,0.178
16900,0.51
16904,0.334
16906,0.311
16910,0.246
16916,0.242
16917,0.107
16918,0.378
16920,0.272
16922,0.267
16924,0.365
16926,0.227
16928,0.212
16929,0.305
16941,0.483
16954,0.102
16960,0.402
16961,0.43
16962,0.181
16970,0.343
16973,0.375
16978,0.19
16981,0.16
16982,0.295
16985,0.089
16990,0.389
16991,0.333
16993,0.278
16994,0.334
16995,0.488
16996,0.166
16997,0.134
17001,0.321
17005,0.18
17007,0.293
17012,0.301
17018,0.102
17020,0.457
17024,0.382
17027,0.141
17028,0.462
17031,0.306
17039,0.326
17041,0.441
17046,0.276
17049,0.371
17053,0.262
17058,0.118
17059,0.156
17064,0.14
17065,0.076
17067,0.341
17069,0.249
17072,0.111
17076,0.405
17078,0.239
17079,0.316
17080,0.247
17081,0.447
17083,0.313
17089,0.289
17091,0.364
17097,0.197
17098,0.124
17104,0.455
17111,0.227
17114,0.361
17119,0.343
17124,0.285
17127,0.189
17128,0.378
17135,0.166
17136,0.051
17139,0.181
17142,0.345
17144,0.461
17147,0.206
17151,0.213
17160,0.247
17162,0.414
17166,0.375
17167,0.419
17169,0.164
17170,0.256
17174,0.326
17177,0.341
17178,0.196
17183,0.279
17189,0.308
17192,0.323
17199,0.345
17201,0.27
17202,0.262
17206,0.439
17214,0.442
17215,0.211
17220,0.236
17221,0.336
17226,0.132
17230,0.178
17238,0.369
17239,0.275
17243,0.162
17244,0.484
17245,0.386
17248,0.409
17251,0.473
17256,0.571
17260,0.201
17261,0.291
17264,0.331
17266,0.123
17269,0.361
17270,0.353
17271,0.06
17273,0.178
17275,0.14
17278,0.318
17281,0.234
17283,0.278
17284,0.172
17285,0.305
17289,0.302
17300,0.103
17305,0.336
17310,0.225
17313,0.255
17315,0.284
17317,0.357
17319,0.232
17322,0.233
17323,0.426
17327,0.254
17330,0.36
17332,0.25
17333,0.381
17334,0.147
17338,0.374
17342,0.16
17343,0.456
17345,0.283
17352,0.336
17353,0.534
17355,0.439
17361,0.32
17365,0.308
17368,0.383
17370,0.407
17378,0.432
17379,0.138
17382,0.21
17383,0.321
17385,0.191
17386,0.214
17390,0.226
17391,0.306
17399,0.391
17400,0.247
17408,0.372
17414,0.154
17420,0.219
17426,0.21
17431,0.254
17435,0.375
17436,0.462
17440,0.418
17448,0.233
17449,0.268
17452,0.335
17454,0.264
17455,0.306
17456,0.367
17458,0.202
17460,0.236
17461,0.466
17464,0.549
17465,0.268
17468,0.248
17477,0.142
17482,0.289
17483,0.246
17486,0.224
17492,0.215
17494,0.286
17499,0.418
17501,0.286
17502,0.025
17506,0.182
17509,0.267
17515,0.307
17518,0.223
17519,0.281
17526,0.444
17528,0.227
17535,0.265
17539,0.249
17540,0.372
17542,0.384
17565,0.183
17571,0.296
17576,0.363
17583,0.27
17588,0.268
17592,0.289
17594,0.279
17595,0.262
17596,0.252
17600,0.202
17604,0.465
17606,0.466
17608,0.41
17610,0.366
17612,0.396
17615,0.392
17618,0.064
17622,0.443
17627,0.105
17628,0.224
17636,0.519
17637,0.158
17641,0.298
17642,0.161
17646,0.298
17648,0.432
17650,0.301
17652,0.272
17653,0.21
17669,0.143
17670,0.382
17678,0.41
17680,0.296
17689,0.353
17693,0.388
17695,0.421
17698,0.29
17699,0.337
17709,0.287
17715,0.468
17717,0.201
17719,0.4
17737,0.403
17743,0.363
17745,0.184
17748,0.347
17752,0.228
17754,0.293
17756,0.261
17763,0.451
17764,0.376
17767,0.286
17768,0.555
17770,0.263
17772,0.338
17774,0.242
17775,0.267
17778,0.268
17781,0.296
17782,0.352
17783,0.415
17786,0.332
17789,0.191
17790,0.314
17791,0.335
17792,0.265
17796,0.125
17802,0.255
17805,0.341
17807,0.113
17811,0.329
17815,0.094
17820,0.3
17821,0.345
17824,0.306
17826,0.311
17828,0.244
17836,0.486
17837,0.396
17846,0.44
17848,0.456
17859,0.307
17862,0.343
17864,0.233
17866,0.225
17877,0.332
17878,0.18
17881,0.44
17882,0.2
17885,0.348
17887,0.098
17890,0.208
17891,0.273
17896,0.334
17898,0.307
17909,0.32
17911,0.387
17922,0.221
17923,0.324
17929,0.154
17931,0.517
17932,0.259
17933,0.217
17935,0.067
17945,0.388
17947,0.259
17948,0.365
17950,0.294
17954,0.097
17962,0.102
17966,0.317
17969,0.275
17982,0.122
17990,0.19
17993,0.26
17995,0.291
17997,0.497
18001,0.072
18002,0.543
18008,0.27
18009,0.284
18011,0.261
18014,0.461
18015,0.375
18016,0.165
18017,0.451
18020,0.52
18021,0.29
18024,0.13
18027,0.193
18028,0.287
18038,0.233
18042,0.268
18050,0.298
18051,0.319
18052,0.452
18054,0.262
18055,0.332
18057,0.333
18069,0.206
18074,0.388
18077,0.132
18080,0.296
18081,0.287
18084,0.329
18088,0.431
18095,0.219
18099,0.335
18100,0.312
18103,0.023
18111,0.274
18114,0.322
18119,0.287
18133,0.06
18135,0.32
18136,0.337
18141,0.376
18147,0.315
18150,0.142
18173,0.18
18175,0.409
18177,0.17
18183,0.31
18184,0.193
18190,0.36
18201,0.149
18205,0.363
18207,0.502
18209,0.304
18222,0.304
18224,0.115
18226,0.192
18231,0.399
18233,0.276
18234,0.329
18238,0.245
18240,0.223
18248,0.131
18249,0.434
18250,0.381
18258,0.301
18266,0.486
18273,0.395
18275,0.29
18279,0.225
18280,0.494
18282,0.402
18283,0.408
18284,0.307
18285,0.266
18287,0.412
18292,0.388
18293,0.406
18296,0.333
18299,0.393
18301,0.416
18304,0.225
18305,0.212
18307,0.324
18312,0.453
18326,0.173
18328,0.416
18331,0.344
18333,0.302
18334,0.262
18337,0.188
18339,0.447
18340,0.311
18341,0.379
18342,0.334
18345,0.152
18352,0.123
18354,0.415
18360,0.46
18362,0.127
18363,0.333
18364,0.31
18373,0.316
18374,0.47
18375,0.47
18376,0.454
18377,0.402
18378,0.231
18380,0.466
18381,0.088
18384,0.073
18391,0.319
18395,0.263
18396,0.265
18410,0.212
18411,0.218
18414,0.378
18416,0.373
18419,0.348
18420,0.333
18422,0.337
18426,0.289
18440,0.236
18443,0.173
18446,0.492
18450,0.438
18451,0.385
18463,0.442
18471,0.235
18472,0.291
18474,0.295
18475,0.434
18488,0.244
18489,0.487
18493,0.199
18497,0.475
18498,0.243
18502,0.097
18504,0.227
18508,0.382
18509,0.291
18510,0.204
18511,0.423
18512,0.284
18517,0.267
18520,0.291
18532,0.376
18556,0.304
18557,0.13
18560,0.178
18562,0.416
18563,0.29
18564,0.347
18566,0.474
18567,0.44
18568,0.432
18572,0.372
18573,0.242
18578,0.262
18583,0.115
18585,0.195
18587,0.452
18595,0.217
18597,0.36
18598,0.065
18599,0.377
18605,0.297
18609,0.309
18622,0.487
18628,0.328
18641,0.241
18648,0.241
18649,0.205
18650,0.472
18653,0.453
18654,0.125
18659,0.322
18660,0.541
18661,0.273
18667,0.325
18669,0.254
18675,0.414
18681,0.384
18683,0.289
18688,0.452
18693,0.256
18697,0.481
18698,0.145
18700,0.265
18701,0.264
18702,0.136
18707,0.451
18709,0.341
18714,0.309
18717,0.561
18721,0.436
18725,0.345
18726,0.274
18727,0.325
18728,0.233
18730,0.304
18745,0.215
18753,0.433
18754,0.435
18765,0.183
18768,0.245
18770,0.306
18771,0.35
18774,0.094
18775,0.444
18779,0.19
18780,0.489
18781,0.362
18793,0.386
18795,0.197
18796,0.249
18801,0.21
18802,0.476
18806,0.29
18810,0.351
18815,0.104
18817,0.333
18818,0.335
18819,0.199
18821,0.48
18824,0.34
18831,0.251
18836,0.075
18837,0.196
18844,0.33
18847,0.244
18853,0.229
18863,0.549
18868,0.29
18879,0.213
18890,0.097
18891,0.41
18892,0.257
18894,0.052
18898,0.544
18899,0.081
18900,0.247
18902,0.076
18904,0.441
18907,0.289
18908,0.284
18909,0.276
18912,0.452
18916,0.358
18922,0.363
18926,0.204
18932,0.313
18934,0.27
18944,0.204
18945,0.53
18950,0.093
18951,0.336
18956,0.285
18960,0.349
18963,0.398
18966,0.336
18967,0.166
18968,0.439
18970,0.418
18974,0.173
18979,0.243
18982,0.358
18985,0.373
18986,0.165
18988,0.251
18997,0.213
18998,0.351
19000,0.452
19008,0.412
19012,0.254
19013,0.116
19015,0.431
19016,0.211
19022,0.042
19026,0.445
19028,0.352
19029,0.213
19037,0.165
19040,0.329
19043,0.064
19048,0.366
19050,0.262
19056,0.321
19058,0.542
19064,0.315
19068,0.17
19070,0.215
19073,0.359
19076,0.338
19078,0.105
19080,0.234
19082,0.082
19085,0.19
19089,0.561
19090,0.324
19091,0.316
19101,0.34
19106,0.326
19107,0.3
19108,0.133
19118,0.414
19140,0.074
19146,0.347
19149,0.335
19151,0.28
19154,0.51
19155,0.31
19158,0.101
19165,0.304
19168,0.341
19169,0.25
19172,0.155
19174,0.527
19179,0.265
19180,0.426
19188,0.059
19194,0.243
19198,0.259
19200,0.133
19205,0.486
19215,0.285
19218,0.35
19219,0.414
19220,0.444
19226,0.378
19231,0.226
19237,0.292
19243,0.058
19244,0.105
19245,0.19
19252,0.208
19254,0.333
19260,0.337
19263,0.279
19270,0.321
19271,0.17
19272,0.354
19274,0.173
19279,0.279
19284,0.291
19285,0.257
19289,0.3
19291,0.198
19297,0.284
19298,0.217
19299,0.436
19300,0.202
19305,0.263
19308,0.018
19309,0.256
19312,0.311
19313,0.267
19321,0.25
19323,0.057
19324,0.332
19329,0.208
19331,0.38
19338,0.312
19339,0.389
19341,0.349
19342,0.094
19343,0.342
19344,0.378
19351,0.27
19361,0.41
19365,0.135
19370,0.109
19374,0.171
19375,0.383
19383,0.384
19384,0.28
19385,0.526
19386,0.298
19388,0.346
19389,0.375
19397,0.148
19402,0.303
19407,0.273
19414,0.499
19415,0.345
19420,0.222
19425,0.255
19427,0.239
19431,0.5
19434,0.484
19435,0.291
19439,0.182
19443,0.263
19449,0.321
19452,0.132
19456,0.238
19466,0.325
19483,0.253
19485,0.239
19492,0.407
19497,0.111
19500,0.214
19502,0.175
19505,0.142
19511,0.095
19514,0.386
19518,0.354
19519,0.193
19520,0.138
19522,0.303
19525,0.475
19527,0.133
19528,0.107
19529,0.229
19534,0.284
19536,0.524
19546,0.116
19548,0.401
19549,0.094
19553,0.274
19554,0.297
19555,0.335
19556,0.388
19559,0.238
19561,0.305
19562,0.207
19565,0.098
19566,0.124
19574,0.327
19578,0.111
19580,0.531
19581,0.092
19587,0.347
19590,0.446
19591,0.287
19594,0.447
19595,0.496
19597,0.282
19599,0.13
19613,0.075
19615,0.232
19617,0.163
19622,0.408
19626,0.057
19631,0.134
19641,0.265
19643,0.162
19644,0.057
19647,0.344
19653,0.37
19658,0.276
19660,0.297
19667,0.215
19671,0.243
19673,0.324
19675,0.208
19679,0.434
19682,0.073
19685,0.357
19686,0.323
19688,0.15
19697,0.2
19708,0.409
19710,0.331
19711,0.246
19712,0.338
19715,0.142
19719,0.436
19722,0.435
19724,0.266
19729,0.371
19734,0.122
19736,0.436
19742,0.343
19752,0.358
19753,0.33
19755,0.204
19761,0.294
19765,0.3
19768,0.27
19774,0.271
19777,0.506
19778,0.056
19781,0.385
19782,0.159
19789,0.08
19790,0.294
19793,0.148
19796,0.334
19803,0.105
19804,0.407
19808,0.088
19810,0.368
19836,0.327
19838,0.183
19842,0.217
19844,0.148
19845,0.281
19847,0.138
19848,0.104
19854,0.396
19857,0.286
19859,0.087
19868,0.404
19877,0.278
19878,0.342
19881,0.268
19886,0.164
19887,0.284
19892,0.039
19898,0.351
19908,0.138
19909,0.133
19911,0.208
19912,0.441
19915,0.057
19924,0.476
19926,0.489
19931,0.147
19932,0.409
19934,0.394
19938,0.271
19940,0.191
19943,0.405
19944,0.128
19946,0.199
19947,0.562
19951,0.175
19955,0.308
19965,0.183
19966,0.153
19970,0.269
19973,0.464
19975,0.185
19985,0.126
19989,0.094
19993,0.274
19996,0.3
20000,0.296
20003,0.334
20004,0.295
20005,0.096
20008,0.447
20011,0.471
20016,0.213
20018,0.345
20019,0.339
20024,0.058
20027,0.193
20045,0.324
20049,0.046
20053,0.13
20054,0.235
20057,0.185
20077,0.155
20088,0.306
20093,0.539
20096,0.11
20099,0.226
20100,0.361
20106,0.387
20109,0.086
20110,0.16
20119,0.351
20121,0.415
20128,0.245
20130,0.427
20132,0.455
20135,0.219
20137,0.117
20138,0.454
20142,0.224
20147,0.249
20164,0.392
20165,0.356
20175,0.409
20181,0.344
20187,0.36
20189,0.261
20191,0.362
20200,0.311
20201,0.341
20202,0.089
20207,0.38
20208,0.477
20209,0.204
20212,0.458
20213,0.133
20216,0.326
20217,0.322
20219,0.137
20224,0.297
20235,0.103
20239,0.2
20241,0.487
20242,0.245
20250,0.374
20251,0.241
20252,0.255
20256,0.209
20259,0.162
20260,0.312
20262,0.331
20266,0.117
20270,0.279
20271,0.349
20274,0.3
20275,0.193
20277,0.143
20278,0.194
20279,0.146
20282,0.341
20286,0.242
20288,0.268
20289,0.172
20292,0.105
20297,0.301
20300,0.23
20301,0.239
20303,0.228
20304,0.2
20316,0.438
20320,0.472
20321,0.282
20325,0.21
20328,0.445
20330,0.213
20334,0.294
20338,0.267
20341,0.328
20348,0.18
20354,0.152
20356,0.472
20363,0.351
20366,0.176
20367,0.275
20368,0.403
20383,0.339
20385,0.293
20388,0.324
20393,0.093
20396,0.272
20397,0.169
20400,0.285
20403,0.267
20407,0.294
20409,0.263
20415,0.204
20417,0.142
20418,0.195
20425,0.536
20427,0.283
20428,0.181
20430,0.511
20433,0.305
20436,0.295
20441,0.206
20456,0.379
20461,0.321
20462,0.288
20466,0.199
20469,0.301
20481,0.227
20485,0.432
20486,0.398
20491,0.058
20493,0.21
20496,0.101
20502,0.22
20506,0.039
20507,0.14
20509,0.268
20510,0.189
20511,0.169
20515,0.286
20516,0.025
20519,0.164
20527,0.253
20528,0.131
20532,0.399
20538,0.26
20540,0.153
20542,0.292
20543,0.209
20546,0.336
20547,0.331
20549,0.372
20550,0.467
20557,0.412
20558,0.345
20561,0.447
20563,0.38
20570,0.419
20575,0.152
20577,0.494
20582,0.146
20584,0.231
20586,0.223
20587,0.158
20592,0.266
20595,0.311
20596,0.435
20599,0.396
20603,0.416
20606,0.043
20613,0.317
20618,0.291
20619,0.314
20621,0.301
20624,0.3
20629,0.1
20635,0.48
20636,0.467
20640,0.232
20642,0.337
20648,0.435
20655,0.007
20656,0.126
20657,0.071
20660,0.399
20661,0.16
20662,0.212
20663,0.054
20664,0.161
20668,0.289
20669,0.383
20671,0.475
20690,0.437
20695,0.343
20696,0.2
20699,0.437
20700,0.155
20703,0.335
20706,0.5
20709,0.234
20715,0.154
20716,0.123
20720,0.338
20725,0.208
20726,0.128
20730,0.259
20732,0.083
20737,0.174
20738,0.025
20741,0.108
20745,0.211
20746,0.181
20747,0.266
20753,0.308
20761,0.133
20762,0.182
20763,0.528
20764,0.167
20765,0.211
20768,0.162
20769,0.176
20774,0.145
20776,0.422
20778,0.389
20780,0.215
20781,0.142
20783,0.233
20784,0.354
20793,0.143
20796,0.248
20797,0.088
20816,0.414
20821,0.114
20822,0.17
20826,0.196
20829,0.112
20841,0.27
20843,0.12
20863,0.389
20866,0.363
20874,0.346
20877,0.353
20878,0.293
20879,0.339
20882,0.297
20884,0.329
20888,0.437
20902,0.445
20908,0.446
20911,0.411
20914,0.315
20916,0.293
20920,0.294
20923,0.294
20925,0.518
20927,0.335
20929,0.325
20931,0.268
20939,0.333
20940,0.392
20954,0.568
20958,0.372
20959,0.524
20964,0.222
20969,0.552
20972,0.428
20974,0.336
20975,0.388
20993,0.138
20998,0.468
20999,0.478
21004,0.405
21007,0.475
21010,0.251
21012,0.443
21018,0.309
21025,0.253
21026,0.515
21034,0.278
21035,0.295
21041,0.309
21044,0.403
21048,0.356
21050,0.394
21051,0.19
21052,0.264
21054,0.224
21056,0.15
21060,0.332
21063,0.44
21064,0.308
21072,0.237
21074,0.303
21075,0.23
21076,0.308
21078,0.398
21079,0.456
21080,0.381
21081,0.309
21082,0.212
21084,0.245
21090,0.459
21093,0.382
21098,0.21
21100,0.476
21101,0.307
21102,0.382
21105,0.407
21110,0.467
21115,0.124
21118,0.356
21122,0.616
21123,0.224
21125,0.433
21128,0.49
21136,0.434
21138,0.521
21150,0.24
21151,0.351
21153,0.396
21158,0.436
21159,0.438
21162,0.306
21163,0.482
21164,0.315
21165,0.35
21168,0.33
21170,0.362
21174,0.224
21177,0.345
21178,0.312
21179,0.448
21180,0.265
21181,0.412
21185,0.453
21188,0.443
21190,0.132
21191,0.347
21194,0.363
21196,0.181
21199,0.256
21200,0.184
21205,0.188
21206,0.329
21223,0.29
21236,0.453
21237,0.429
21238,0.415
21240,0.313
21247,0.236
21254,0.291
21256,0.163
21262,0.322
21264,0.353
21271,0.302
21277,0.149
21278,0.332
21280,0.309
21282,0.406
21290,0.422
21292,0.414
21293,0.377
21299,0.452
21302,0.357
21303,0.35
21304,0.592
21305,0.437
21306,0.229
21311,0.348
21316,0.314
21317,0.535
21318,0.433
21326,0.445
21331,0.37
21339,0.231
21347,0.114
21351,0.366
21352,0.511
21360,0.336
21362,0.277
21371,0.355
21372,0.289
21380,0.38
21386,0.234
21387,0.448
21388,0.351
21389,0.427
21390,0.32
21396,0.249
21404,0.49
21405,0.368
21409,0.211
21413,0.295
21414,0.317
21416,0.409
21423,0.249
21426,0.32
21427,0.473
21429,0.368
21430,0.365
21431,0.359
21433,0.194
21436,0.285
21437,0.299
21445,0.285
21462,0.165
21464,0.417
21466,0.419
21470,0.4
21471,0.603
21477,0.293
21483,0.275
21484,0.446
21486,0.415
21490,0.472
21496,0.353
21500,0.302
21501,0.216
21505,0.459
21513,0.465
21518,0.174
21528,0.292
21530,0.371
21533,0.389
21535,0.312
21540,0.359
21541,0.264
21546,0.3
21547,0.328
21558,0.254
21559,0.269
21565,0.237
21574,0.248
21576,0.335
21577,0.399
21582,0.143
21584,0.199
21585,0.269
21597,0.185
21600,0.431
21601,0.245
21602,0.274
21611,0.143
21615,0.281
21616,0.418
21624,0.3
21625,0.198
21631,0.069
21634,0.39
21637,0.319
21645,0.431
21650,0.224
21651,0.369
21652,0.405
21653,0.316
21657,0.351
21658,0.471
21663,0.251
21664,0.454
21665,0.218
21668,0.268
21669,0.23
21673,0.457
21677,0.195
21678,0.185
21684,0.269
21691,0.496
21697,0.429
21699,0.172
21701,0.262
21704,0.317
21709,0.186
21711,0.219
21713,0.264
21717,0.439
21721,0.303
21723,0.165
21726,0.199
21729,0.33
21730,0.329
21732,0.323
21734,0.273
21743,0.33
21747,0.344
21751,0.096
21759,0.232
21765,0.324
21768,0.205
21771,0.173
21773,0.333
21779,0.395
21782,0.423
21792,0.287
21802,0.292
21803,0.426
21805,0.32
21810,0.366
21812,0.352
21813,0.346
21815,0.369
21823,0.353
21824,0.42
21826,0.294
21833,0.384
21834,0.372
21835,0.524
21845,0.212
21846,0.143
21849,0.389
21860,0.297
21864,0.373
21867,0.517
21868,0.479
21874,0.309
21876,0.403
21880,0.343
21883,0.29
21884,0.479
21890,0.458
21891,0.379
21895,0.244
21897,0.326
21898,0.307
21899,0.41
21902,0.275
21903,0.345
21908,0.348
21912,0.26
21913,0.538
21918,0.342
21919,0.421
21922,0.215
21923,0.371
21928,0.339
21932,0.385
21934,0.389
21936,0.353
21937,0.34
21938,0.374
21943,0.265
21945,0.328
21952,0.305
21954,0.402
21955,0.191
21968,0.265
21969,0.314
21970,0.311
21973,0.37
21975,0.343
21976,0.471
21981,0.4
21986,0.422
21988,0.421
21990,0.334
21991,0.328
21994,0.535
21995,0.444
21996,0.485
21998,0.322
21999,0.304
22005,0.191
22017,0.307
22019,0.445
22022,0.413
22028,0.1
22029,0.278
22030,0.276
22047,0.447
22054,0.31
22064,0.276
22065,0.258
22070,0.383
22082,0.376
22086,0.436
22094,0.375
22095,0.109
22096,0.305
22098,0.276
22100,0.246
22101,0.557
22103,0.158
22104,0.254
22106,0.034
22115,0.244
22117,0.38
22125,0.344
22128,0.214
22134,0.316
22138,0.222
22140,0.379
22145,0.124
22148,0.299
22151,0.499
22155,0.109
22161,0.401
22162,0.158
22168,0.453
22169,0.382
22170,0.436
22172,0.123
22175,0.227
22182,0.201
22184,0.283
22185,0.293
22186,0.247
22187,0.3
22194,0.262
22199,0.504
22200,0.453
22202,0.228
22204,0.434
22205,0.238
22207,0.282
22209,0.16
22211,0.389
22212,0.361
22213,0.357
22224,0.288
22228,0.127
22229,0.443
22231,0.395
22238,0.321
22251,0.339
22253,0.188
22263,0.41
22265,0.116
22267,0.251
22268,0.428
22269,0.187
22270,0.349
22284,0.418
22288,0.411
22290,0.365
22293,0.149
22295,0.133
22300,0.142
22306,0.183
22319,0.18
22328,0.425
22339,0.142
22340,0.237
22341,0.235
22347,0.32
22348,0.243
22353,0.352
22354,0.251
22355,0.354
22356,0.172
22358,0.394
22360,0.38
22361,0.241
22368,0.283
22369,0.304
22370,0.324
22374,0.324
22377,0.381
22383,0.436
22384,0.081
22385,0.167
22388,0.268
22389,0.381
22390,0.324
22393,0.262
22396,0.391
22400,0.325
22402,0.085
22409,0.335
22411,0.56
22418,0.237
22429,0.248
22432,0.149
22433,0.097
22435,0.335
22436,0.176
22455,0.252
22456,0.366
22460,0.258
22463,0.283
22464,0.272
22466,0.302
22468,0.323
22479,0.293
22486,0.461
22491,0.464
22492,0.367
22495,0.148
22504,0.371
22505,0.271
22507,0.127
22509,0.377
22510,0.326
22514,0.307
22515,0.436
22516,0.229
22528,0.376
22536,0.326
22537,0.322
22545,0.407
22546,0.164
22547,0.213
22552,0.351
22553,0.145
22556,0.124
22561,0.162
22565,0.295
22568,0.145
22569,0.373
22572,0.35
22574,0.342
22575,0.246
22576,0.116
22579,0.145
22583,0.211
22584,0.183
22585,0.412
22594,0.238
22599,0.297
22604,0.286
22605,0.409
22606,0.411
22607,0.292
22610,0.282
22611,0.466
22612,0.25
22613,0.447
22615,0.319
22616,0.321
22618,0.208
22619,0.116
22621,0.282
22623,0.198
22624,0.24
22627,0.277
22628,0.304
22629,0.128
22630,0.466
22632,0.22
22633,0.132
22635,0.439
22638,0.216
22639,0.3
22642,0.065
22649,0.117
22652,0.355
22653,0.441
22661,0.165
22663,0.283
22667,0.234
22669,0.189
22681,0.19
22685,0.359
22687,0.164
22689,0.287
22692,0.137
22703,0.451
22704,0.091
22706,0.37
22707,0.471
22708,0.312
22709,0.235
22710,0.104
22711,0.384
22715,0.236
22721,0.367
22727,0.227
22728,0.311
22730,0.452
22731,0.21
22738,0.105
22743,0.328
22746,0.37
22747,0.29
22749,0.43
22751,0.292
22753,0.354
22755,0.21
22763,0.256
22769,0.448
22770,0.193
22773,0.271
22774,0.298
22775,0.355
22782,0.401
22785,0.322
22787,0.223
22789,0.206
22802,0.579
22805,0.408
22806,0.314
22810,0.394
22811,0.163
22812,0.221
22813,0.314
22819,0.225
22820,0.263
22823,0.436
22824,0.241
22825,0.333
22828,0.191
22833,0.149
22835,0.259
22849,0.261
22850,0.168
22852,0.22
22857,0.403
22859,0.473
22866,0.276
22868,0.444
22869,0.222
22871,0.383
22876,0.274
22878,0.469
22884,0.411
22893,0.195
22897,0.381
22904,0.234
22909,0.261
22910,0.534
22915,0.344
22921,0.541
22922,0.479
22923,0.349
22927,0.31
22930,0.393
22934,0.203
22937,0.431
22939,0.157
22943,0.172
22948,0.253
22952,0.173
22963,0.271
22964,0.337
22967,0.092
22971,0.233
22972,0.409
22975,0.194
22976,0.199
22983,0.292
22984,0.058
22990,0.33
22991,0.337
22993,0.185
22995,0.145
22998,0.417
22999,0.388
23000,0.288
23001,0.359
23004,0.348
23006,0.125
23007,0.14
23012,0.208
23020,0.409
23038,0.232
23048,0.355
23051,0.504
23052,0.344
23053,0.329
23054,0.252
23060,0.351
23066,0.397
23068,0.318
23069,0.201
23071,0.195
23073,0.171
23076,0.217
23078,0.298
23080,0.312
23086,0.07
23090,0.368
23093,0.281
23094,0.315
23106,0.382
23107,0.257
23112,0.323
23115,0.241
23119,0.157
23129,0.339
23130,0.195
23131,0.331
23132,0.269
23146,0.287
23147,0.321
23150,0.179
23155,0.243
23161,0.424
23162,0.327
23166,0.245
23167,0.251
23173,0.131
23174,0.171
23176,0.205
23178,0.268
23187,0.379
23188,0.463
23191,0.37
23193,0.335
23194,0.425
23197,0.363
23200,0.344
23205,0.246
23208,0.198
23212,0.285
23214,0.218
23220,0.331
23223,0.482
23225,0.454
23228,0.421
23229,0.338
23231,0.433
23232,0.498
23233,0.531
23244,0.228
23247,0.268
23250,0.375
23251,0.42
23257,0.249
23258,0.411
23260,0.102
23261,0.321
23262,0.367
23266,0.342
23270,0.187
23273,0.257
23276,0.416
23281,0.43
23282,0.111
23287,0.207
23289,0.475
23291,0.206
23293,0.327
23294,0.344
23295,0.393
23297,0.171
23301,0.251
23303,0.483
23304,0.443
23306,0.335
23311,0.321
23315,0.442
23325,0.319
23327,0.332
23330,0.242
23331,0.217
23332,0.156
23334,0.138
23335,0.387
23344,0.227
23349,0.357
23350,0.275
23359,0.471
23361,0.278
23362,0.215
23368,0.288
23371,0.387
23373,0.363
23375,0.187
23377,0.331
23380,0.431
23382,0.322
23383,0.446
23384,0.359
23386,0.383
23391,0.311
23393,0.113
23396,0.367
23398,0.383
23401,0.275
23402,0.279
23404,0.441
23420,0.357
23422,0.175
23425,0.34
23426,0.372
23428,0.307
23431,0.098
23435,0.137
23436,0.199
23437,0.393
23438,0.301
23444,0.057
23447,0.147
23453,0.183
23454,0.334
23457,0.086
23461,0.132
23464,0.274
23466,0.332
23468,0.054
23470,0.153
23471,0.338
23472,0.109
23476,0.429
23481,0.461
23485,0.383
23486,0.37
23489,0.353
23490,0.412
23492,0.34
23495,0.286
23496,0.359
23502,0.079
23505,0.207
23511,0.429
23514,0.293
23518,0.269
23525,0.466
23529,0.213
23534,0.342
23537,0.437
23538,0.357
23542,0.193
23547,0.371
23548,0.429
23559,0.153
23560,0.379
23565,0.213
23566,0.178
23568,0.17
23569,0.317
23570,0.343
23571,0.175
23573,0.197
23584,0.308
23585,0.152
23587,0.223
23588,0.323
23598,0.455
23601,0.325
23603,0.075
23605,0.142
23608,0.203
23612,0.358
23615,0.146
23616,0.365
23618,0.155
23626,0.31
23628,0.251
23631,0.407
23632,0.439
23637,0.205
23638,0.374
23639,0.334
23640,0.277
23644,0.366
23648,0.5
23661,0.193
23666,0.184
23670,0.203
23675,0.385
23676,0.222
23677,0.329
23678,0.08
23679,0.203
23681,0.442
23682,0.119
23684,0.069
23690,0.451
23692,0.088
23697,0.273
23706,0.218
23708,0.184
23709,0.215
23713,0.218
23718,0.045
23723,0.253
23727,0.222
23734,0.298
23738,0.391
23739,0.328
23740,0.247
23745,0.44
23747,0.212
23749,0.186
23750,0.452
23752,0.21
23753,0.287
23759,0.294
23760,0.197
23763,0.329
23764,0.286
23766,0.279
23775,0.371
23776,0.191
23781,0.299
23783,0.195
23785,0.278
23790,0.428
23801,0.427
23808,0.375
23813,0.365
23814,0.367
23816,0.282
23817,0.439
23819,0.362
23821,0.267
23826,0.302
23830,0.416
23832,0.198
23835,0.183
23836,0.459
23854,0.307
23857,0.221
23861,0.333
23862,0.278
23871,0.296
23880,0.246
23901,0.18
23903,0.527
23911,0.186
23914,0.223
23920,0.344
23929,0.225
23930,0.237
23931,0.148
23944,0.365
23948,0.47
23955,0.078
23957,0.318
23959,0.225
23963,0.393
23964,0.413
23965,0.09
23969,0.406
23970,0.4
23971,0.116
23975,0.408
23977,0.051
23978,0.374
23982,0.309
23990,0.237
23994,0.37
24003,0.243
24005,0.394
24019,0.117
24025,0.316
24026,0.27
24027,0.356
24031,0.15
24038,0.471
24047,0.414
24048,0.284
24054,0.34
24055,0.344
24061,0.445
24071,0.155
24072,0.303
24074,0.296
24076,0.168
24078,0.322
24081,0.383
24086,0.183
24089,0.391
24091,0.429
24093,0.352
24095,0.29
24099,0.396
24102,0.438
24109,0.357
24112,0.357
24117,0.27
24125,0.226
24129,0.077
24130,0.317
24137,0.317
24139,0.284
24143,0.513
24145,0.248
24150,0.381
24152,0.194
24155,0.435
24159,0.411
24164,0.229
24168,0.316
24173,0.404
24175,0.053
24182,0.083
24183,0.411
24187,0.361
24197,0.277
24198,0.184
24199,0.283
24200,0.267
24204,0.329
24205,0.445
24208,0.356
24213,0.269
24219,0.258
24228,0.314
24237,0.29
24239,0.185
24240,0.251
24242,0.334
24246,0.26
24249,0.364
24252,0.289
24254,0.359
24265,0.471
24266,0.263
24270,0.135
24271,0.217
24273,0.29
24275,0.467
24278,0.296
24281,0.14
24282,0.462
24284,0.372
24286,0.259
24288,0.216
24289,0.282
24294,0.366
24295,0.345
24304,0.227
24305,0.486
24307,0.217
24316,0.282
24318,0.3
24319,0.331
24329,0.295
24332,0.413
24335,0.397
24336,0.143
24338,0.376
24339,0.12
24341,0.16
24342,0.374
24343,0.293
24346,0.351
24347,0.481
24350,0.248
24355,0.486
24356,0.47
24361,0.357
24362,0.246
24371,0.422
24383,0.282
24384,0.078
24385,0.337
24388,0.177
24389,0.32
24390,0.34
24393,0.529
24397,0.476
24401,0.234
24406,0.13
24407,0.191
24409,0.419
24412,0.048
24419,0.321
24420,0.352
24428,0.251
24429,0.278
24431,0.15
24433,0.274
24435,0.205
24442,0.097
24444,0.209
24446,0.255
24449,0.481
24450,0.166
24455,0.258
24457,0.216
24458,0.227
24459,0.245
24464,0.212
24471,0.272
24474,0.51
24476,0.099
24478,0.081
24480,0.282
24481,0.405
24489,0.191
24491,0.448
24495,0.197
24496,0.14
24497,0.112
24499,0.296
24500,0.432
24502,0.293
24504,0.277
24508,0.374
24513,0.221
24514,0.267
24526,0.381
24528,0.083
24530,0.227
24535,0.338
24536,0.156
24539,0.054
24541,0.316
24546,0.355
24547,0.458
24549,0.483
24556,0.132
24558,0.255
24561,0.133
24568,0.363
24569,0.216
24576,0.067
24581,0.089
24582,0.343
24585,0.213
24587,0.153
24592,0.376
24604,0.204
24606,0.379
24608,0.24
24609,0.037
24611,0.214
24615,0.129
24616,0.219
24618,0.161
24621,0.202
24623,0.342
24624,0.581
24627,0.378
24631,0.351
24632,0.161
24639,0.247
24644,0.136
24647,0.163
24655,0.089
24662,0.298
24663,0.445
24665,0.098
24666,0.246
24669,0.367
24670,0.297
24673,0.402
24680,0.376
24685,0.164
24694,0.268
24695,0.243
24701,0.321
24704,0.283
24708,0.408
24715,0.398
24716,0.204
24720,0.223
24723,0.124
24727,0.282
24730,0.265
24731,0.45
24732,0.299
24734,0.355
24735,0.428
24743,0.316
24753,0.308
24754,0.245
24759,0.314
24760,0.352
24761,0.095
24765,0.33
24766,0.365
24769,0.238
24778,0.302
24782,0.117
24783,0.197
24785,0.383
24790,0.202
24791,0.182
24802,0.153
24804,0.242
24807,0.294
24811,0.097
24815,0.282
24821,0.181
24822,0.314
24825,0.222
24827,0.09
24829,0.156
24831,0.16
24835,0.447
24841,0.395
24849,0.233
24850,0.081
24853,0.353
24861,0.265
24869,0.427
24870,0.347
24871,0.161
24875,0.31
24877,0.157
24879,0.154
24882,0.054
24888,0.497
24889,0.421
24899,0.385
24903,0.353
24904,0.221
24907,0.192
24910,0.22
24914,0.242
24918,0.123
24919,0.305
24931,0.122
24932,0.233
24933,0.271
24939,0.353
24941,0.028
24956,0.102
24962,0.389
24963,0.189
24968,0.404
24980,0.327
24981,0.276
24986,0.266
24994,0.498
24996,0.512
24997,0.512
24999,0.368
25001,0.151
25003,0.265
25007,0.412
25008,0.15
25010,0.384
25012,0.141
25013,0.122
25014,0.363
25015,0.106
25016,0.4
25017,0.204
25018,0.199
25020,0.162
25021,0.354
25022,0.316
25030,0.085
25031,0.298
25036,0.26
25040,0.294
25045,0.168
25047,0.176
25059,0.378
25061,0.259
25066,0.215
25068,0.066
25075,0.088
25077,0.21
25079,0.403
25082,0.096
25083,0.199
25084,0.187
25089,0.038
25091,0.184
25097,0.239
25098,0.279
25101,0.207
25107,0.226
25109,0.095
25112,0.364
25115,0.164
25116,0.13
25119,0.325
25120,0.247
25121,0.2
25127,0.253
25130,0.268
25132,0.342
25133,0.305
25149,0.333
25150,0.357
25151,0.276
25157,0.257
25162,0.308
25175,0.195
25177,0.439
25180,0.33
25185,0.296
25186,0.215
25187,0.156
25190,0.287
25192,0.17
25195,0.284
25196,0.205
25202,0.173
25208,0.086
25209,0.099
25213,0.388
25216,0.414
25218,0.419
25220,0.391
25221,0.247
25229,0.039
25234,0.246
25235,0.262
25241,0.174
25245,0.372
25265,0.355
25266,0.314
25269,0.131
25272,0.401
25273,0.476
25280,0.224
25282,0.379
25286,0.288
25296,0.243
25301,0.304
25302,0.438
25310,0.366
25311,0.336
25313,0.526
25314,0.495
25318,0.283
25319,0.049
25321,0.087
25322,0.206
25324,0.25
25330,0.116
25333,0.202
25340,0.276
25345,0.207
25348,0.043
25352,0.162
25357,0.278
25359,0.303
25360,0.433
25361,0.101
25363,0.233
25365,0.034
25368,0.334
25371,0.213
25372,0.048
25388,0.32
25389,0.125
25390,0.326
25394,0.328
25395,0.252
25396,0.192
25397,0.055
25398,0.176
25399,0.036
25403,0.192
25405,0.082
25408,0.076
25410,0.354
25412,0.175
25415,0.111
25419,0.32
25421,0.175
25422,0.052
25423,0.204
25424,0.368
25426,0.273
25427,0.08
25428,0.311
25437,0.251
25438,0.097
25439,0.071
25440,0.229
25441,0.16
25444,0.317
25449,0.132
25451,0.202
25452,0.089
25459,0.228
25461,0.263
25463,0.265
25475,0.15
25478,0.367
25482,0.43
25483,0.223
25486,0.33
25487,0.279
25488,0.378
25491,0.274
25492,0.311
25493,0.505
25494,0.349
25496,0.339
25498,0.44
25503,0.353
25504,0.186
25506,0.193
25513,0.383
25515,0.084
25517,0.302
25520,0.372
25523,0.291
25530,0.172
25534,0.276
25535,0.179
25542,0.348
25543,0.402
25547,0.138
25549,0.166
25560,0.129
25563,0.217
25569,0.236
25571,0.196
25572,0.181
25581,0.356
25592,0.139
25594,0.379
25597,0.223
25601,0.142
25603,0.381
25608,0.161
25609,0.205
25616,0.192
25617,0.447
25619,0.425
25629,0.351
25633,0.275
25638,0.052
25639,0.458
25646,0.212
25647,0.127
25654,0.071
25657,0.182
25666,0.095
25680,0.422
25681,0.125
25682,0.115
25692,0.146
25703,0.149
25704,0.348
25708,0.153
25710,0.125
25711,0.129
25712,0.148
25723,0.453
25730,0.405
25732,0.082
25735,0.287
25737,0.328
25740,0.445
25741,0.421
25744,0.328
25745,0.298
25747,0.348
25750,0.148
25752,0.217
25757,0.129
25760,0.166
25761,0.245
25762,0.418
25764,0.195
25766,0.213
25767,0.061
25776,0.054
25781,0.242
25783,0.305
25785,0.282
25786,0.082
25789,0.273
25791,0.27
25799,0.22
25805,0.172
25808,0.17
25809,0.212
25814,0.224
25816,0.275
25819,0.151
25821,0.153
25822,0.456
25825,0.46
25826,0.182
25830,0.086
25831,0.398
25837,0.213
25843,0.142
25849,0.157
25852,0.38
25855,0.265
25859,0.349
25860,0.345
25862,0.425
25863,0.336
25868,0.302
25869,0.23
25870,0.305
25874,0.12
25880,0.36
25882,0.199
25883,0.13
25884,0.114
25889,0.249
25890,0.192
25891,0.225
25898,0.316
25899,0.081
25902,0.201
25907,0.162
25908,0.141
25910,0.284
25913,0.308
25915,0.119
25917,0.123
25918,0.418
25928,0.202
25930,0.257
25932,0.376
25934,0.315
25938,0.297
25939,0.271
25942,0.194
25946,0.137
25947,0.244
25948,0.307
25957,0.347
25958,0.054
25962,0.373
25964,0.231
25965,0.328
25967,0.3
25970,0.28
25973,0.486
25977,0.186
25986,0.231
25991,0.235
25995,0.291
26001,0.281
26013,0.32
26015,0.228
26016,0.286
26018,0.058
26022,0.357
26024,0.345
26026,0.425
26033,0.267
26034,0.295
26035,0.213
26047,0.219
26052,0.151
26054,0.424
26069,0.234
26077,0.143
26080,0.278
26081,0.392
26084,0.298
26087,0.112
26092,0.23
26101,0.14
26104,0.233
26106,0.047
26107,0.354
26109,0.066
26110,0.291
26112,0.299
26113,0.181
26116,0.246
26117,0.278
26120,0.139
26123,0.081
26132,0.388
26139,0.227
26145,0.222
26151,0.287
26154,0.491
26155,0.148
26156,0.259
26159,0.303
26161,0.187
26163,0.408
26165,0.154
26176,0.078
26179,0.315
26180,0.319
26183,0.117
26184,0.275
26185,0.496
26186,0.293
26196,0.217
26200,0.334
26202,0.336
26207,0.086
26208,0.13
26209,0.228
26213,0.102
26216,0.278
26235,0.219
26237,0.231
26244,0.34
26245,0.105
26246,0.205
26247,0.171
26251,0.141
26257,0.113
26275,0.033
26276,0.23
26278,0.334
26284,0.454
26285,0.22
26286,0.07
26289,0.257
26290,0.209
26292,0.232
26297,0.367
26298,0.253
26305,0.02
26307,0.054
26309,0.384
26310,0.211
26311,0.15
26312,0.389
26313,0.218
26314,0.225
26318,0.315
26319,0.173
26322,0.084
26323,0.32
26325,0.155
26328,0.232
26334,0.289
26337,0.208
26339,0.372
26344,0.077
26355,0.226
26368,0.089
26370,0.296
26372,0.256
26376,0.229
26377,0.401
26393,0.091
26400,0.145
26406,0.219
26407,0.182
26414,0.146
26416,0.142
26417,0.19
26418,0.151
26419,0.251
26425,0.219
26427,0.333
26432,0.327
26433,0.162
26435,0.235
26436,0.353
26440,0.287
26441,0.126
26443,0.151
26447,0.183
26453,0.171
26454,0.089
26457,0.424
26461,0.133
26462,0.394
26464,0.273
26467,0.198
26469,0.225
26470,0.274
26472,0.324
26478,0.294
26479,0.442
26480,0.213
26484,0.127
26489,0.052
26491,0.203
26497,0.123
26501,0.267
26512,0.264
26513,0.035
26514,0.062
26518,0.324
26521,0.052
26524,0.288
26527,0.439
26535,0.133
26536,0.166
26540,0.565
26543,0.271
26549,0.176
26554,0.166
26555,0.361
26557,0.004
26558,0.167
26560,0.255
26571,0.09
26573,0.353
26577,0.244
26586,0.048
26588,0.188
26590,0.186
26597,0.137
26598,0.326
26604,0.216
26610,0.163
26617,0.177
26622,0.107
26625,0.266
26626,0.174
26627,0.249
26630,0.269
26634,0.127
26638,0.171
26657,0.207
26658,0.114
26666,0.171
26667,0.325
26668,0.227
26670,0.665
26672,0.23
26674,0.165
26679,0.101
26680,0.234
26681,0.425
26683,0.181
26699,0.074
26701,0.166
26703,0.212
26707,0.217
26708,0.079
26710,0.129
26728,0.088
26732,0.227
26733,0.189
26736,0.233
26740,0.056
26741,0.238
26744,0.108
26746,0.114
26747,0.055
26749,0.194
26752,0.082
26755,0.081
